Date,modi,Open,Low,Close,High,
01-01-2016,l,45.553741,44.872616,49.0956,49.422543,
04-01-2016,l,48.768658,45.907928,46.371094,50.158157,
05-01-2016,l,46.670792,45.880684,48.278248,48.823151,
06-01-2016,l,47.951309,46.480076,46.99773,48.468964,
07-01-2016,l,46.262115,42.502296,43.564854,46.262115,
08-01-2016,l,44.6819,43.946285,44.6819,45.226803,
11-01-2016,l,44.136997,42.992706,44.872616,45.717213,
12-01-2016,l,44.872616,43.319649,44.028019,45.635475,
13-01-2016,l,44.572922,42.066376,44.055264,46.643543,
14-01-2016,l,43.019951,42.148109,42.393314,44.136997,
15-01-2016,l,42.720257,40.2682,40.540649,43.483116,
18-01-2016,l,40.213711,37.162262,38.197575,40.48616,
19-01-2016,l,38.987682,38.088596,39.505341,40.104729,
20-01-2016,l,38.44278,36.753586,37.489204,39.014927,
21-01-2016,l,38.361046,37.053284,37.925125,39.205643,
22-01-2016,l,38.497272,38.497272,40.186466,40.595142,
25-01-2016,l,40.567898,39.614319,40.377182,41.085552,
27-01-2016,l,40.75861,39.668808,39.914017,40.97657,
28-01-2016,l,40.131973,38.987682,39.260132,40.295444,
29-01-2016,l,39.260132,38.252068,39.696053,39.968506,
01-02-2016,l,40.077484,39.99575,40.622387,42.665768,
02-02-2016,l,40.431671,38.796967,39.260132,40.731365,
03-02-2016,l,40.404427,38.796967,39.205643,40.595142,
04-02-2016,l,39.614319,38.769722,39.369114,40.104729,
05-02-2016,l,39.396358,39.123909,40.159222,40.704121,
08-02-2016,l,40.567898,39.941261,41.140041,43.428627,
09-02-2016,l,40.567898,39.505341,40.867592,41.412495,
10-02-2016,l,40.322689,39.123909,39.423603,40.595142,
11-02-2016,l,39.505341,36.263176,36.998795,39.614319,
12-02-2016,l,37.543694,33.511425,34.982658,37.543694,
15-02-2016,l,35.8545,35.14613,35.609295,37.271244,
16-02-2016,l,36.181442,34.138062,34.356022,36.34491,
17-02-2016,l,34.410511,32.966522,34.356022,34.764698,
18-02-2016,l,34.873676,33.375198,34.110817,35.227863,
19-02-2016,l,34.110817,33.702141,34.301533,34.628471,
22-02-2016,l,34.764698,33.647652,33.947346,34.873676,
23-02-2016,l,34.219795,32.830299,33.184483,34.247044,
24-02-2016,l,33.075504,32.476112,33.293465,34.219795,
25-02-2016,l,33.647652,32.612339,32.803055,33.783875,
26-02-2016,l,33.26622,32.230907,32.966522,33.565914,
29-02-2016,l,33.075504,31.713251,32.012947,33.402447,
01-03-2016,l,32.149174,31.931211,33.102749,33.456936,
02-03-2016,l,33.783875,33.293465,34.029079,34.900925,
03-03-2016,l,34.328777,33.429691,34.056328,34.601227,
04-03-2016,l,34.328777,34.056328,34.437756,35.227863,
08-03-2016,l,34.601227,33.920101,34.900925,35.14613,
09-03-2016,l,34.601227,34.383266,36.181442,36.426647,
10-03-2016,l,36.535625,35.36409,35.527561,36.78083,
11-03-2016,l,35.527561,35.309601,35.663784,36.399403,
14-03-2016,l,35.990726,35.227863,35.827255,36.317665,
15-03-2016,l,36.126949,35.963482,36.290421,36.998795,
16-03-2016,l,36.998795,35.58205,36.017971,37.216751,
17-03-2016,l,36.508381,36.126949,36.699097,37.652676,
18-03-2016,l,36.808079,36.671852,37.543694,37.843391,
21-03-2016,l,37.107773,36.944302,37.380222,37.870636,
22-03-2016,l,37.516449,36.699097,37.325733,37.625427,
23-03-2016,l,37.352978,37.189507,38.796967,39.396358,
28-03-2016,l,38.933193,37.080528,37.271244,39.06942,
29-03-2016,l,37.243999,36.535625,36.862568,37.598183,
30-03-2016,l,37.080528,37.053284,39.505341,39.77779,
31-03-2016,l,39.668808,39.505341,40.213711,40.813103,
01-04-2016,l,40.077484,39.668808,41.466984,42.338825,
04-04-2016,l,43.265156,43.156178,43.891792,44.600166,
05-04-2016,l,44.300468,40.322689,40.567898,44.300468,
06-04-2016,l,40.704121,40.567898,41.140041,41.603207,
07-04-2016,l,41.684944,40.840347,41.303513,42.066376,
08-04-2016,l,40.922081,40.922081,42.638519,42.992706,
11-04-2016,l,42.665768,41.712189,43.537609,43.810059,
12-04-2016,l,43.592098,42.774746,43.128933,44.245979,
13-04-2016,l,43.837303,42.965462,43.891792,44.46394,
18-04-2016,l,44.273224,44.245979,45.199554,45.662724,
20-04-2016,l,45.417519,45.254047,45.880684,46.316605,
21-04-2016,l,46.316605,44.763634,45.335781,46.316605,
22-04-2016,l,44.95435,44.491184,44.709145,45.417519,
25-04-2016,l,44.709145,44.028019,45.145065,45.472008,
26-04-2016,l,44.6819,44.6819,45.907928,46.098644,
27-04-2016,l,45.880684,45.608231,46.725281,47.297424,
28-04-2016,l,46.970486,45.499252,45.689968,47.106712,
29-04-2016,l,45.771702,45.335781,47.242935,48.38723,
02-05-2016,w,47.024975,46.044151,47.433651,48.305492,
03-05-2016,w,47.406406,46.534565,46.807014,48.114777,
04-05-2016,w,46.915997,42.774746,43.128933,47.024975,
05-05-2016,w,42.774746,41.684944,42.556786,44.028019,
06-05-2016,w,42.447803,41.412495,41.821171,42.665768,
09-05-2016,w,42.09362,41.821171,42.175354,42.720257,
10-05-2016,w,42.229843,40.704121,40.97657,42.393314,
11-05-2016,w,40.295444,39.805035,40.48616,41.766678,
12-05-2016,w,40.704121,40.595142,41.249023,41.466984,
13-05-2016,w,41.031063,38.333801,39.968506,41.930149,
16-05-2016,w,40.2682,39.941261,41.494228,41.739433,
17-05-2016,w,41.575962,40.567898,40.840347,41.575962,
18-05-2016,w,40.322689,40.022995,40.840347,41.684944,
19-05-2016,w,40.840347,38.687988,38.960438,40.840347,
20-05-2016,w,39.396358,37.325733,37.543694,39.478092,
23-05-2016,w,37.870636,37.734409,37.979614,38.905949,
24-05-2016,w,37.925125,37.598183,38.44278,38.769722,
25-05-2016,w,38.742477,38.306557,38.742477,39.014927,
26-05-2016,w,38.960438,38.769722,40.377182,40.75861,
27-05-2016,w,40.431671,39.55983,39.968506,41.412495,
30-05-2016,w,40.2682,39.641563,40.676876,41.003819,
31-05-2016,w,41.058308,39.178398,39.696053,41.058308,
01-06-2016,l,39.77779,39.55983,40.949326,42.120865,
02-06-2016,l,41.466984,40.431671,41.167286,41.630451,
03-06-2016,l,41.412495,38.933193,39.260132,41.793922,
06-06-2016,l,39.260132,38.197575,39.396358,39.723297,
07-06-2016,l,39.723297,39.123909,39.668808,39.99575,
08-06-2016,l,39.77779,39.614319,40.813103,41.140041,
09-06-2016,l,40.922081,40.240955,40.704121,41.276268,
10-06-2016,l,40.622387,40.2682,40.676876,41.358002,
13-06-2016,l,39.886768,39.260132,39.668808,40.513405,
14-06-2016,l,39.941261,39.668808,42.965462,43.455872,
15-06-2016,l,43.101688,42.556786,43.537609,43.810059,
16-06-2016,l,43.047195,41.848415,42.883724,43.483116,
17-06-2016,l,43.210667,42.720257,42.938217,44.245979,
20-06-2016,l,42.502296,42.175354,43.455872,44.028019,
21-06-2016,l,43.564854,42.556786,42.85648,43.97353,
22-06-2016,l,43.210667,41.902905,42.311581,43.374138,
23-06-2016,l,42.475052,41.548717,42.938217,43.210667,
24-06-2016,l,40.867592,39.396358,40.431671,41.330757,
27-06-2016,l,40.649632,39.832279,41.167286,41.466984,
28-06-2016,l,41.249023,41.085552,44.382206,44.95435,
29-06-2016,l,44.818127,44.028019,45.39027,45.689968,
30-06-2016,l,45.553741,45.363026,47.27018,47.815083,
01-07-2016,l,47.433651,45.989662,46.125889,47.542633,
04-07-2016,l,46.316605,46.180378,46.861504,47.324673,
05-07-2016,l,46.643543,45.853439,46.098644,47.106712,
07-07-2016,l,46.0714,45.444763,45.580986,46.534565,
08-07-2016,l,45.608231,43.946285,44.654655,45.771702,
11-07-2016,l,45.226803,44.736389,45.608231,45.935173,
12-07-2016,l,45.935173,45.308537,45.744457,46.234867,
13-07-2016,l,45.989662,44.46394,44.872616,46.56181,
14-07-2016,l,44.89986,44.491184,44.654655,45.335781,
15-07-2016,l,44.872616,43.592098,44.082508,45.580986,
18-07-2016,l,44.409451,43.646587,44.19149,45.826195,
19-07-2016,l,44.028019,43.319649,43.728325,44.6819,
20-07-2016,l,43.946285,43.728325,45.199554,45.580986,
21-07-2016,l,45.335781,43.864548,44.19149,46.044151,
22-07-2016,l,43.810059,43.810059,44.46394,44.790882,
25-07-2016,l,44.409451,43.592098,44.055264,44.572922,
26-07-2016,l,44.245979,44.19149,45.17231,46.452827,
27-07-2016,l,45.281292,44.790882,45.145065,45.880684,
28-07-2016,l,45.281292,43.483116,44.845371,45.771702,
29-07-2016,l,43.97353,43.646587,43.946285,44.736389,
01-08-2016,l,44.19149,40.731365,42.36607,44.545673,
02-08-2016,l,42.229843,42.066376,42.393314,43.047195,
03-08-2016,l,42.229843,40.785854,40.949326,42.611275,
04-08-2016,l,41.276268,40.458916,41.712189,42.066376,
05-08-2016,l,42.011883,41.140041,42.09362,42.311581,
08-08-2016,l,42.338825,41.957394,42.883724,43.156178,
09-08-2016,l,42.801991,41.848415,42.284336,43.210667,
10-08-2016,l,42.393314,41.684944,43.537609,44.354961,
11-08-2016,l,43.592098,40.649632,41.358002,43.728325,
12-08-2016,l,41.466984,40.595142,40.867592,41.603207,
16-08-2016,l,40.97657,40.05024,40.2682,41.303513,
17-08-2016,l,40.322689,40.240955,40.540649,41.167286,
18-08-2016,l,40.704121,40.540649,40.731365,41.303513,
19-08-2016,l,40.813103,40.731365,41.930149,42.693012,
22-08-2016,l,41.930149,40.622387,40.867592,41.930149,
23-08-2016,l,40.813103,40.159222,40.567898,41.085552,
24-08-2016,l,40.431671,40.377182,40.785854,41.058308,
25-08-2016,l,40.867592,39.77779,39.914017,41.058308,
26-08-2016,l,39.968506,39.06942,39.369114,40.322689,
29-08-2016,l,38.470024,38.44278,39.641563,40.458916,
30-08-2016,l,39.77779,39.641563,39.968506,40.2682,
31-08-2016,l,40.131973,39.55983,39.668808,40.295444,
01-09-2016,l,39.723297,38.252068,38.415535,40.05024,
02-09-2016,l,38.606251,38.497272,38.742477,39.096664,
06-09-2016,l,38.987682,38.987682,39.287376,39.696053,
07-09-2016,l,39.450848,39.06942,39.478092,40.213711,
08-09-2016,l,39.641563,39.341869,40.567898,40.813103,
09-09-2016,l,40.731365,39.914017,40.022995,40.731365,
12-09-2016,l,39.505341,36.562874,38.115841,39.505341,
14-09-2016,l,38.17033,38.143085,38.851456,39.096664,
15-09-2016,l,38.960438,38.361046,38.769722,39.232887,
16-09-2016,l,38.960438,37.352978,37.652676,39.505341,
19-09-2016,l,37.870636,37.761654,38.143085,38.497272,
20-09-2016,l,38.252068,38.252068,38.415535,38.8787,
21-09-2016,l,38.633495,38.306557,38.660744,39.096664,
22-09-2016,l,39.014927,38.551762,39.151154,39.369114,
23-09-2016,l,39.450848,38.8787,39.014927,39.696053,
26-09-2016,l,38.905949,38.115841,38.279312,39.287376,
27-09-2016,l,38.497272,38.333801,38.415535,38.905949,
28-09-2016,l,38.415535,38.415535,38.769722,39.123909,
29-09-2016,l,39.06942,34.928169,35.36409,39.287376,
30-09-2016,l,35.309601,34.492249,35.800011,36.126949,
03-10-2016,l,35.963482,35.963482,36.508381,36.699097,
04-10-2016,l,36.78083,36.508381,37.053284,37.434715,
05-10-2016,l,37.271244,36.562874,36.862568,37.489204,
06-10-2016,l,37.053284,36.045216,36.372158,37.352978,
07-10-2016,l,36.590118,36.126949,36.971546,37.243999,
10-10-2016,l,37.243999,36.562874,37.625427,38.333801,
13-10-2016,l,37.570938,36.535625,36.726341,37.979614,
14-10-2016,l,36.944302,36.562874,36.835323,37.325733,
17-10-2016,l,36.998795,36.235931,36.726341,37.570938,
18-10-2016,l,37.026039,36.889812,37.352978,37.46196,
19-10-2016,l,37.543694,37.271244,37.67992,37.925125,
20-10-2016,l,37.870636,37.761654,38.769722,39.042171,
21-10-2016,l,38.960438,38.470024,38.905949,39.369114,
24-10-2016,l,39.178398,38.742477,38.905949,39.668808,
25-10-2016,l,38.143085,36.399403,36.78083,38.415535,
26-10-2016,l,36.78083,36.508381,36.671852,37.107773,
27-10-2016,l,36.753586,36.154198,36.481136,36.753586,
28-10-2016,l,36.590118,36.07246,36.453892,36.917057,
01-11-2016,l,36.671852,36.290421,36.372158,36.726341,
02-11-2016,l,36.07246,35.173374,35.282352,36.07246,
03-11-2016,l,35.200619,35.09164,35.14613,35.718273,
04-11-2016,l,35.255108,33.674896,34.001835,35.418579,
07-11-2016,l,34.437756,34.247044,34.383266,34.682964,
08-11-2016,l,34.601227,34.029079,35.309601,36.372158,
09-11-2016,l,32.585094,31.794987,33.729385,34.110817,
10-11-2016,l,34.383266,34.328777,35.500317,36.78083,
11-11-2016,l,34.873676,34.519493,34.846432,36.453892,
15-11-2016,l,35.037148,32.476112,33.702141,35.09164,
16-11-2016,l,34.138062,33.429691,33.75663,34.492249,
17-11-2016,l,33.892857,33.783875,34.301533,34.873676,
18-11-2016,l,34.274288,33.920101,35.064396,35.418579,
21-11-2016,l,35.609295,33.620403,34.219795,35.609295,
22-11-2016,l,34.410511,33.565914,34.083572,34.819187,
23-11-2016,l,34.356022,34.110817,34.519493,34.873676,
24-11-2016,l,34.274288,33.402447,33.593159,34.519493,
25-11-2016,l,33.97459,33.783875,34.628471,35.009903,
28-11-2016,l,34.573982,34.328777,35.745522,36.290421,
29-11-2016,l,35.800011,35.718273,36.208687,36.753586,
30-11-2016,l,36.235931,36.235931,37.080528,37.380222,
01-12-2016,l,37.216751,36.290421,36.590118,37.543694,
02-12-2016,l,36.399403,36.235931,37.080528,38.497272,
05-12-2016,l,37.053284,36.562874,37.95237,39.042171,
06-12-2016,l,38.687988,37.816147,38.034103,38.769722,
07-12-2016,l,38.687988,37.380222,38.061352,38.824211,
08-12-2016,l,38.470024,38.224819,38.524517,38.687988,
09-12-2016,l,38.687988,38.606251,38.905949,39.232887,
12-12-2016,l,38.742477,38.44278,38.769722,39.77779,
13-12-2016,l,38.851456,38.197575,38.633495,39.151154,
14-12-2016,l,38.633495,38.44278,38.660744,39.123909,
15-12-2016,l,38.361046,38.197575,39.723297,40.2682,
16-12-2016,l,39.99575,39.505341,40.077484,40.322689,
19-12-2016,l,39.832279,39.641563,39.859524,40.649632,
20-12-2016,l,39.77779,38.960438,39.369114,40.104729,
21-12-2016,l,39.505341,39.287376,40.104729,40.458916,
22-12-2016,l,39.941261,38.8787,39.06942,40.2682,
23-12-2016,l,39.042171,38.252068,38.8787,39.341869,
26-12-2016,l,38.524517,37.625427,37.979614,38.8787,
27-12-2016,l,38.088596,37.407471,38.633495,38.851456,
28-12-2016,l,38.851456,38.415535,38.579006,39.151154,
29-12-2016,l,38.415535,38.224819,39.805035,40.186466,
30-12-2016,l,39.968506,39.587074,41.712189,42.039127,
02-01-2017,l,42.393314,41.603207,41.930149,42.393314,
03-01-2017,l,42.011883,41.303513,41.712189,42.175354,
04-01-2017,l,41.957394,41.848415,42.393314,42.938217,
05-01-2017,l,42.774746,42.611275,43.128933,43.374138,
06-01-2017,l,43.156178,42.720257,42.85648,43.537609,
09-01-2017,l,42.801991,42.638519,42.910973,43.346893,
10-01-2017,l,42.801991,42.774746,43.701077,44.245979,
11-01-2017,l,43.891792,43.673832,44.055264,44.46394,
12-01-2017,l,43.919041,43.074444,43.673832,44.273224,
13-01-2017,l,43.619343,42.257092,42.774746,43.864548,
16-01-2017,l,42.720257,42.284336,43.483116,43.810059,
17-01-2017,l,43.537609,42.829235,43.019951,43.728325,
18-01-2017,l,43.101688,42.720257,43.156178,43.97353,
19-01-2017,l,43.319649,42.938217,43.919041,44.136997,
20-01-2017,l,44.109753,41.957394,42.229843,44.6819,
23-01-2017,l,42.175354,41.957394,42.611275,43.047195,
24-01-2017,l,42.665768,42.665768,43.401382,43.728325,
25-01-2017,l,43.510365,42.938217,43.592098,43.782814,
27-01-2017,l,43.646587,43.646587,50.457851,51.084492,
30-01-2017,l,50.076424,49.422543,50.321629,51.166225,
31-01-2017,l,50.130913,46.616299,47.48814,50.921021,
01-02-2017,l,47.951309,47.515388,49.504276,49.749481,
02-02-2017,l,49.259071,48.659679,51.19347,53.209606,
03-02-2017,l,51.465919,50.376118,51.520412,51.956333,
06-02-2017,l,51.820107,51.574902,52.964397,54.599102,
07-02-2017,l,53.345829,49.449787,50.049175,53.345829,
08-02-2017,l,50.376118,49.58601,50.185402,51.820107,
09-02-2017,l,50.403362,49.340805,51.029999,51.438675,
10-02-2017,l,51.220715,50.348873,50.594078,51.738373,
13-02-2017,l,50.97551,49.041111,49.967442,51.029999,
14-02-2017,l,50.076424,48.659679,49.449787,50.185402,
15-02-2017,l,49.858463,49.722237,50.267139,52.719193,
16-02-2017,l,50.512344,49.58601,51.384186,51.493168,
17-02-2017,l,51.711124,50.893772,51.111736,51.956333,
20-02-2017,l,51.220715,51.029999,53.07338,54.353897,
21-02-2017,l,53.345829,52.773685,53.100624,54.054199,
22-02-2017,l,53.182358,51.247959,51.520412,53.563789,
23-02-2017,l,51.493168,51.166225,52.637459,53.236851,
27-02-2017,l,52.746437,51.547657,52.337765,53.236851,
28-02-2017,l,52.310516,51.820107,53.672771,54.8988,
01-03-2017,w,53.945221,52.937153,53.400318,54.244919,
02-03-2017,w,53.591034,50.70306,51.002754,54.435631,
03-03-2017,w,50.784794,50.648567,51.602146,51.929089,
06-03-2017,w,51.792862,51.247959,51.983578,52.228783,
07-03-2017,w,52.119801,51.874596,53.318584,54.163181,
08-03-2017,w,53.400318,51.19347,51.574902,53.972466,
09-03-2017,w,51.41143,50.566833,51.002754,51.68388,
10-03-2017,w,51.220715,50.539589,51.247959,52.038067,
14-03-2017,w,52.882664,52.174294,53.155113,53.945221,
15-03-2017,w,53.209606,52.610214,55.144005,55.470943,
16-03-2017,w,55.82513,55.470943,55.988602,56.642483,
17-03-2017,w,56.397278,55.688904,56.506256,57.43259,
20-03-2017,w,56.451767,55.498192,56.288296,57.105648,
21-03-2017,w,56.233807,55.307472,56.451767,56.887688,
22-03-2017,w,55.797886,55.307472,55.443699,56.506256,
23-03-2017,w,55.525436,55.38921,56.969421,57.350853,
24-03-2017,w,57.323608,56.860443,57.623302,58.304432,
27-03-2017,w,57.70504,56.015846,56.587994,57.70504,
28-03-2017,w,57.21463,56.587994,56.969421,57.677795,
29-03-2017,w,57.187382,56.506256,56.914932,57.350853,
30-03-2017,w,57.023914,56.751461,57.650551,58.031979,
31-03-2017,w,57.950245,57.323608,59.149029,60.048115,
03-04-2017,w,59.312496,58.822086,60.919956,61.19241,
05-04-2017,w,61.028938,60.347813,62.445679,62.908848,
06-04-2017,w,62.227718,62.037003,63.072315,63.290276,
07-04-2017,w,62.39119,62.282211,63.971405,65.142944,
10-04-2017,w,64.271095,63.916916,65.442635,65.742332,
11-04-2017,w,65.306412,64.598038,66.096519,68.385101,
12-04-2017,w,64.570793,59.830154,62.309456,65.1157,
13-04-2017,w,62.60915,61.110672,63.671707,64.025894,
17-04-2017,w,62.690887,62.690887,67.21357,67.676735,
18-04-2017,w,67.567749,67.567749,78.956184,87.565628,
19-04-2017,w,77.866386,75.223618,79.092415,80.917831,
20-04-2017,w,79.446602,78.193329,79.691803,81.408241,
21-04-2017,w,79.828033,78.302307,79.528336,80.917831,
24-04-2017,w,79.501091,79.010681,81.762428,86.721031,
25-04-2017,l,82.062126,80.808853,81.707939,83.724075,
26-04-2017,l,81.844162,63.862423,64.598038,82.579781,
27-04-2017,l,66.314476,61.41037,62.200474,73.75238,
28-04-2017,l,63.644463,58.467899,59.366989,64.679771,
02-05-2017,l,59.857399,58.059223,61.437614,63.372013,
03-05-2017,l,62.037003,59.830154,61.383121,63.154053,
04-05-2017,l,61.546593,61.056183,61.791798,62.472923,
05-05-2017,l,61.90078,59.09454,61.955269,62.881599,
08-05-2017,l,62.173229,60.783733,62.418434,63.208542,
09-05-2017,l,62.60915,61.955269,64.407326,65.333656,
10-05-2017,l,65.088448,64.570793,66.913872,67.486015,
11-05-2017,l,68.357857,63.971405,65.469879,69.093475,
12-05-2017,l,65.715088,63.862423,66.232742,66.941116,
15-05-2017,l,66.750397,65.388145,66.423462,67.131828,
16-05-2017,l,66.450706,65.824066,66.913872,67.840202,
17-05-2017,l,66.750397,65.142944,66.205498,66.941116,
18-05-2017,l,65.333656,64.625282,65.578865,68.575821,
19-05-2017,l,67.131828,65.469879,66.423462,67.812958,
22-05-2017,l,66.777641,65.715088,66.123764,67.758469,
23-05-2017,l,64.570793,59.666683,61.655575,64.625282,
24-05-2017,l,62.173229,60.266075,61.90078,62.881599,
25-05-2017,l,64.843246,62.363945,63.344769,65.061203,
26-05-2017,l,63.753445,62.663643,63.181297,64.189362,
29-05-2017,l,63.181297,59.966381,60.701996,63.208542,
30-05-2017,l,61.028938,59.939137,64.243851,68.00367,
31-05-2017,l,64.461815,62.690887,63.644463,65.769577,
01-06-2017,l,63.862423,63.344769,63.617218,64.679771,
02-06-2017,l,63.862423,63.480991,64.025894,64.707024,
05-06-2017,l,64.025894,63.480991,64.025894,65.224678,
06-06-2017,l,64.897736,64.897736,69.774605,70.183281,
07-06-2017,l,71.245834,70.346748,71.545532,73.289215,
08-06-2017,l,71.382057,69.066231,70.72818,71.709,
09-06-2017,l,70.837158,69.229698,72.063187,72.580841,
12-06-2017,l,71.65451,69.74736,71.245834,72.580841,
13-06-2017,l,70.292259,70.292259,72.14492,73.997589,
14-06-2017,l,72.362885,71.055122,71.518288,72.853294,
15-06-2017,l,71.382057,70.292259,72.199409,72.989517,
16-06-2017,l,72.172165,71.000633,71.327568,72.689819,
19-06-2017,l,72.063187,71.545532,71.899719,72.662575,
20-06-2017,l,72.14492,70.455727,71.327568,72.14492,
21-06-2017,l,71.273079,71.000633,71.84523,72.417374,
22-06-2017,l,72.199409,70.837158,71.300323,72.580841,
23-06-2017,l,71.327568,67.64949,68.848267,71.436554,
27-06-2017,l,69.147964,67.840202,71.382057,72.417374,
28-06-2017,l,72.090431,71.981453,73.234726,74.487999,
29-06-2017,l,73.561668,72.253899,72.608086,73.888603,
30-06-2017,l,72.471863,71.136856,72.253899,73.180237,
03-07-2017,l,72.14492,71.926964,74.379021,75.714027,
04-07-2017,l,74.379021,72.417374,72.771561,74.896675,
05-07-2017,l,73.016762,72.199409,73.697891,74.106567,
06-07-2017,l,73.561668,72.935028,73.670647,74.161057,
07-07-2017,l,73.261971,72.744316,73.125748,74.106567,
10-07-2017,l,73.561668,73.016762,73.479927,74.052078,
11-07-2017,l,73.561668,72.362885,72.689819,73.80687,
12-07-2017,l,72.853294,72.471863,76.994545,77.294235,
13-07-2017,l,77.648422,75.278107,76.722092,78.656494,
14-07-2017,l,76.83107,75.032898,75.959229,77.076279,
17-07-2017,l,76.013718,75.41433,75.959229,76.722092,
18-07-2017,l,75.714027,74.705956,75.114632,76.476891,
19-07-2017,l,75.196365,74.92392,76.013718,76.640358,
20-07-2017,l,76.286171,75.468819,76.504135,77.375977,
21-07-2017,l,76.749336,75.114632,76.940056,77.266991,
24-07-2017,l,77.049034,75.85025,76.422394,77.757408,
25-07-2017,l,76.803825,75.35984,75.904739,76.803825,
26-07-2017,l,76.013718,75.686783,76.694847,77.539444,
27-07-2017,l,76.694847,74.92392,75.468819,77.294235,
28-07-2017,l,75.250862,74.351768,75.577797,75.931984,
31-07-2017,l,75.577797,74.678711,75.141876,76.149948,
01-08-2017,l,75.141876,75.141876,76.395149,76.749336,
02-08-2017,l,76.667603,76.585869,77.348732,78.384041,
03-08-2017,l,77.430466,74.705956,75.060143,77.730164,
04-08-2017,l,74.978409,74.215546,75.196365,75.877495,
07-08-2017,l,75.441574,75.196365,76.34066,76.776581,
08-08-2017,l,76.367905,73.779625,74.842186,76.940056,
09-08-2017,l,74.651466,65.742332,67.703979,74.651466,
10-08-2017,l,66.750397,61.710064,63.126808,67.159073,
11-08-2017,l,62.11874,57.759529,61.955269,63.099564,
14-08-2017,l,62.663643,60.919956,63.562729,64.243851,
16-08-2017,l,62.11874,59.421478,62.772621,63.453747,
17-08-2017,l,62.936092,61.19241,61.791798,64.025894,
18-08-2017,l,61.165161,60.238831,61.165161,61.846291,
21-08-2017,l,61.573837,58.168205,58.576881,62.037003,
22-08-2017,l,59.149029,57.105648,57.923,59.584949,
23-08-2017,l,58.549637,58.304432,59.966381,60.211586,
24-08-2017,l,60.320564,58.903824,59.475967,60.429546,
28-08-2017,l,63.807934,62.690887,64.952225,65.960297,
29-08-2017,l,63.971405,63.617218,64.816002,66.886627,
30-08-2017,l,65.60611,65.469879,69.829094,71.84523,
31-08-2017,l,72.471863,69.774605,72.226654,72.989517,
01-09-2017,l,72.33564,71.572777,74.43351,75.659538,
04-09-2017,l,74.215546,69.74736,71.273079,74.351768,
05-09-2017,l,71.600021,71.273079,72.526352,73.616158,
06-09-2017,l,70.891647,70.019806,71.273079,71.981453,
07-09-2017,l,71.627266,70.646446,71.055122,72.608086,
08-09-2017,l,71.327568,68.848267,69.529396,71.817978,
11-09-2017,l,70.019806,69.856339,71.191345,72.117676,
12-09-2017,l,71.817978,71.055122,72.989517,73.507172,
13-09-2017,l,72.962273,71.000633,71.245834,73.289215,
14-09-2017,l,71.382057,70.646446,71.872475,72.63533,
15-09-2017,l,70.864403,70.401237,71.191345,71.790733,
18-09-2017,l,71.736244,70.891647,71.300323,72.417374,
19-09-2017,l,71.354813,70.891647,71.382057,72.035942,
20-09-2017,l,71.790733,70.346748,70.510216,71.790733,
21-09-2017,l,70.510216,68.058167,69.583885,71.354813,
22-09-2017,l,69.12072,65.933044,66.341721,69.12072,
25-09-2017,l,66.423462,61.982513,63.562729,66.505196,
26-09-2017,l,63.535484,62.554661,64.625282,65.497124,
27-09-2017,l,65.1157,61.655575,62.254967,65.824066,
28-09-2017,l,62.554661,61.791798,62.82711,63.617218,
29-09-2017,l,63.208542,62.908848,63.372013,64.134872,
03-10-2017,l,63.50824,60.129848,60.919956,63.535484,
04-10-2017,l,61.137917,60.974445,62.82711,63.181297,
05-10-2017,l,63.535484,63.263031,66.259987,67.131828,
06-10-2017,l,66.968361,66.341721,67.268059,68.112656,
09-10-2017,l,65.388145,63.807934,65.006714,66.450706,
10-10-2017,l,65.1157,65.1157,65.524368,66.477951,
11-10-2017,l,66.014786,64.080383,64.816002,67.240814,
12-10-2017,l,65.388145,64.570793,65.442635,65.824066,
13-10-2017,l,65.824066,65.1157,65.306412,66.014786,
16-10-2017,l,65.742332,63.480991,63.971405,65.9058,
17-10-2017,l,64.216606,63.780689,64.352837,64.816002,
18-10-2017,l,64.298347,63.671707,66.804893,67.322548,
19-10-2017,l,67.159073,66.668663,68.43959,69.202454,
23-10-2017,l,68.875519,68.221634,69.175209,70.72818,
24-10-2017,l,69.202454,68.330612,68.821022,69.938072,
25-10-2017,l,69.12072,67.594994,69.583885,70.401237,
26-10-2017,l,69.474907,68.739288,71.382057,71.790733,
27-10-2017,l,71.872475,70.019806,70.809914,72.417374,
30-10-2017,l,71.191345,70.346748,73.125748,74.324524,
31-10-2017,l,73.398193,70.864403,72.090431,73.398193,
01-11-2017,l,72.362885,71.981453,72.526352,73.725136,
02-11-2017,l,72.63533,71.84523,72.662575,73.888603,
03-11-2017,l,73.016762,72.417374,76.558624,77.757408,
06-11-2017,l,78.029854,77.730164,81.571716,82.525291,
07-11-2017,l,81.598961,76.940056,80.836098,82.988457,
08-11-2017,l,80.672623,79.773537,82.552536,86.312355,
09-11-2017,l,82.743248,81.244774,84.132751,84.950104,
10-11-2017,l,84.105507,82.716003,85.222549,86.230621,
13-11-2017,l,85.603981,82.198349,83.26091,87.293175,
14-11-2017,l,82.824989,82.552536,84.650406,86.312355,
15-11-2017,l,84.350708,79.610069,80.127724,84.895615,
16-11-2017,l,79.010681,76.068214,78.874451,79.55558,
17-11-2017,l,79.828033,79.664558,85.331535,86.503067,
20-11-2017,l,85.522247,85.031837,87.402161,88.274002,
21-11-2017,l,87.729095,82.933968,83.615089,88.110527,
22-11-2017,l,84.078262,83.12468,85.985413,86.748276,
23-11-2017,l,86.094391,81.571716,83.097435,86.3396,
24-11-2017,l,83.151924,81.735184,83.506111,84.67765,
27-11-2017,l,81.735184,80.018745,82.416313,82.933968,
28-11-2017,l,82.389069,80.400177,81.108543,83.206413,
29-11-2017,l,81.108543,79.55558,80.345688,81.435486,
30-11-2017,l,79.828033,79.06517,79.882523,81.46273,
01-12-2017,l,80.100479,76.313416,77.566689,82.470802,
04-12-2017,l,77.811897,71.790733,77.702911,79.446602,
05-12-2017,l,77.730164,76.040962,79.419357,79.991501,
06-12-2017,l,78.302307,76.994545,77.512199,80.318443,
07-12-2017,l,77.757408,77.430466,80.400177,81.16304,
08-12-2017,l,81.299263,80.972321,82.307327,83.12468,
11-12-2017,l,83.042946,81.571716,83.533356,84.051018,
12-12-2017,l,83.860298,81.217529,83.12468,84.623161,
13-12-2017,l,81.735184,79.664558,80.372932,83.587845,
14-12-2017,l,80.100479,77.839142,80.945076,81.898651,
15-12-2017,l,84.432442,82.116615,84.568672,84.895615,
18-12-2017,l,80.645378,76.122704,87.156952,90.698807,
19-12-2017,l,87.129707,84.922859,87.402161,88.110527,
20-12-2017,l,87.184196,85.930923,87.701851,88.846146,
21-12-2017,l,87.729095,87.320419,88.600937,89.881454,
22-12-2017,l,88.791656,87.783585,88.764412,90.426361,
26-12-2017,l,88.818901,87.701851,88.927879,90.017685,
27-12-2017,l,88.818901,88.491959,90.426361,92.279022,
28-12-2017,l,90.453606,89.091347,90.04493,91.107483,
29-12-2017,l,89.908699,89.309311,90.644318,91.679634,
01-01-2018,l,90.34462,89.908699,90.48085,92.551476,
02-01-2018,l,90.508095,88.355736,89.309311,91.216469,
03-01-2018,l,89.309311,89.309311,96.011597,98.218445,
04-01-2018,l,95.902618,94.894547,99.880394,100.91571,
05-01-2018,l,100.697746,99.389984,105.247673,105.874306,
08-01-2018,l,104.947975,104.784508,107.045845,109.525146,
09-01-2018,l,107.890442,105.765327,106.746147,108.408096,
10-01-2018,l,106.855133,106.800636,108.326363,111.078117,
11-01-2018,l,107.890442,106.555435,109.906578,110.996384,
12-01-2018,l,110.070045,105.847061,108.953003,111.023628,
15-01-2018,l,109.525146,107.50901,107.99942,110.179031,
16-01-2018,l,108.271873,102.550407,106.037781,108.489838,
17-01-2018,l,105.819817,102.38694,111.459549,112.086182,
18-01-2018,l,112.249657,102.822861,106.391968,113.067001,
19-01-2018,l,106.391968,102.741127,108.816772,109.525146,
22-01-2018,l,107.890442,106.800636,108.380852,110.260765,
23-01-2018,l,108.653305,106.855133,111.377808,111.840981,
24-01-2018,l,111.323318,108.980247,111.977203,113.094254,
25-01-2018,l,111.70475,109.961067,116.82682,117.562439,
29-01-2018,l,117.480705,114.756195,116.254677,120.150719,
30-01-2018,l,114.974159,113.067001,115.137627,116.363655,
31-01-2018,l,114.402016,113.966095,116.172943,119.197144,
01-02-2018,l,116.063957,110.996384,116.608864,118.270813,
02-02-2018,l,116.063957,106.310226,107.454521,116.063957,
05-02-2018,l,100.861214,100.098358,108.68055,109.525146,
06-02-2018,l,100.806725,99.553452,106.419212,107.99942,
07-02-2018,l,108.735039,106.310226,107.209312,110.478722,
08-02-2018,l,108.026665,107.291054,111.432304,112.33139,
09-02-2018,l,108.980247,107.69973,114.483749,115.437325,
12-02-2018,l,115.083138,115.083138,118.379791,119.496841,
14-02-2018,l,119.060921,118.107338,119.578575,121.785423,
15-02-2018,l,120.477661,114.78344,117.01754,121.322258,
16-02-2018,l,117.589684,111.595772,113.230476,119.033676,
19-02-2018,l,111.70475,109.252693,110.560455,113.039757,
20-02-2018,l,110.070045,106.255737,107.890442,110.914642,
21-02-2018,l,108.598816,106.419212,107.563499,109.252693,
22-02-2018,l,106.800636,105.60186,110.778419,111.40506,
23-02-2018,l,111.432304,109.7976,111.350563,112.113426,
26-02-2018,l,111.70475,110.887398,112.031693,113.257721,
27-02-2018,l,112.249657,109.634125,112.8218,114.347519,
28-02-2018,l,111.677505,110.342499,110.914642,113.31221,
01-03-2018,l,110.914642,107.99942,108.517082,112.631081,
05-03-2018,l,108.435341,107.209312,109.470657,110.451477,
06-03-2018,l,110.342499,98.136711,101.460609,110.805664,
07-03-2018,l,99.662437,92.197289,93.831993,101.051933,
08-03-2018,l,94.812813,87.184196,92.061066,96.665482,
09-03-2018,l,92.061066,84.268974,85.059082,92.905663,
12-03-2018,l,86.3396,81.735184,88.410225,89.581764,
13-03-2018,l,88.301247,85.549492,87.047974,89.636253,
14-03-2018,l,85.440514,85.304291,89.227577,90.017685,
15-03-2018,l,89.091347,88.927879,91.025749,92.87841,
16-03-2018,l,91.270958,86.721031,87.45665,91.788612,
19-03-2018,l,87.184196,84.268974,87.511139,88.274002,
20-03-2018,l,86.612053,86.257866,87.701851,89.036858,
21-03-2018,l,88.137772,87.810837,88.38298,90.535339,
22-03-2018,l,88.491959,86.394089,86.884499,89.282066,
23-03-2018,l,84.459686,81.02681,83.07019,85.113571,
26-03-2018,l,83.097435,82.14386,89.227577,90.589828,
27-03-2018,l,90.399117,86.421333,87.129707,91.379936,
28-03-2018,l,86.584808,84.296219,85.222549,88.219505,
02-04-2018,l,85.712959,82.389069,87.674606,88.519203,
03-04-2018,l,86.230621,85.304291,88.491959,88.982368,
04-04-2018,l,88.519203,80.154968,82.525291,90.671562,
05-04-2018,l,85.335617,81.004677,94.863693,98.135963,
06-04-2018,l,95.120338,94.767448,96.082771,99.226715,
09-04-2018,l,96.371506,93.452126,94.414558,97.526421,
10-04-2018,l,95.280746,94.125832,94.79953,96.852722,
11-04-2018,l,94.99202,91.495178,92.746346,95.441154,
12-04-2018,l,92.778427,86.394295,87.324646,93.869179,
13-04-2018,l,90.083618,88.287079,89.441994,91.751831,
16-04-2018,l,88.992859,87.902107,90.308182,91.046043,
17-04-2018,l,90.757317,88.415398,89.506157,91.719749,
18-04-2018,l,90.46859,87.067993,87.741699,90.46859,
19-04-2018,l,86.939674,86.618858,90.885643,91.302696,
20-04-2018,l,90.46859,87.260483,88.351234,90.46859,
23-04-2018,l,89.185349,88.287079,89.666565,91.110207,
24-04-2018,l,90.179855,87.805862,88.479561,90.661072,
25-04-2018,l,88.543724,87.677536,88.254997,89.506157,
26-04-2018,l,88.543724,87.260483,90.179855,90.949806,
27-04-2018,l,90.436508,89.987373,90.981888,95.34491,
30-04-2018,l,91.334778,88.928696,89.891129,92.650101,
02-05-2018,l,90.051537,79.689354,83.02578,90.789398,
03-05-2018,l,83.410751,79.111893,81.100922,83.731567,
04-05-2018,l,81.293404,80.619705,81.22924,84.982727,
07-05-2018,l,81.550056,80.106407,81.870865,83.346596,
08-05-2018,l,82.287918,80.715942,84.341103,85.656425,
09-05-2018,l,83.667404,82.159592,82.801216,84.341103,
10-05-2018,l,83.346596,80.651787,81.261322,83.859894,
11-05-2018,l,81.838783,79.176056,81.999191,83.02578,
14-05-2018,l,82.031273,78.021133,79.561028,82.12751,
15-05-2018,l,79.561028,77.828651,79.111893,83.057861,
16-05-2018,l,78.919411,77.411598,78.983566,80.074326,
17-05-2018,l,79.817673,78.14946,79.176056,80.587624,
18-05-2018,l,79.432701,75.422569,76.096275,79.561028,
21-05-2018,l,76.352921,74.428055,75.839622,77.571999,
22-05-2018,l,76.930382,75.871704,78.438194,79.240219,
23-05-2018,l,78.277786,74.941353,75.326324,78.566513,
24-05-2018,l,75.711304,74.203491,76.449165,77.315353,
25-05-2018,l,76.385002,75.743385,80.074326,80.780106,
28-05-2018,l,79.496864,79.496864,83.186188,84.373184,
29-05-2018,l,82.12751,78.759003,79.368546,82.993698,
30-05-2018,l,78.341949,77.956978,79.176056,80.330971,
31-05-2018,l,79.561028,77.154945,77.636162,79.721436,
01-06-2018,l,77.636162,74.139328,76.705811,78.406113,
04-06-2018,l,76.962463,72.92025,74.588463,77.636162,
05-06-2018,l,74.428055,72.535278,74.043083,75.262169,
06-06-2018,l,74.107246,73.433548,75.871704,76.769974,
07-06-2018,l,75.871704,75.871704,80.459297,82.255836,
08-06-2018,l,80.042244,78.630676,81.036758,81.61422,
11-06-2018,l,81.935028,81.42173,82.287918,85.239372,
12-06-2018,l,81.678375,80.940514,81.902946,82.704971,
13-06-2018,l,82.480408,82.32,82.865379,85.111053,
14-06-2018,l,82.448326,81.61422,85.94516,86.522621,
15-06-2018,l,86.618858,84.309029,84.982727,88.030426,
18-06-2018,l,85.271454,83.699486,86.201805,87.260483,
19-06-2018,l,85.078972,82.704971,83.346596,86.971756,
20-06-2018,l,82.769135,82.704971,84.533592,84.918564,
21-06-2018,l,84.501511,82.448326,83.314514,85.143135,
22-06-2018,l,83.282433,81.838783,83.635323,84.052376,
25-06-2018,l,83.410751,81.293404,81.485893,84.116539,
26-06-2018,l,80.330971,80.330971,82.865379,84.052376,
27-06-2018,l,82.12751,72.182381,73.850601,82.12751,
28-06-2018,l,72.824005,69.744225,70.161278,74.203491,
29-06-2018,l,70.642494,70.642494,72.599442,73.27314,
02-07-2018,l,72.37487,64.707497,67.402306,72.984413,
03-07-2018,l,67.113579,65.830338,68.172249,69.263008,
04-07-2018,l,68.20433,66.568199,69.1026,69.776306,
05-07-2018,l,69.327171,67.081497,67.947685,69.327171,
06-07-2018,l,67.209824,65.926575,71.187874,72.310707,
09-07-2018,l,71.540764,69.744225,71.637009,72.72776,
10-07-2018,l,72.503197,71.925735,73.208977,74.011002,
11-07-2018,l,73.46563,73.208977,79.625191,80.52346,
12-07-2018,l,79.849754,77.828651,79.753517,81.165077,
13-07-2018,l,79.978081,78.50235,84.469429,84.822319,
16-07-2018,l,84.052376,82.897461,85.720589,86.522621,
17-07-2018,l,86.65094,86.10556,88.736214,90.853561,
18-07-2018,l,88.704132,87.228401,91.238533,92.393456,
19-07-2018,l,92.008476,90.500671,96.916878,98.937988,
20-07-2018,l,97.590584,96.05069,104.552177,105.675011,
23-07-2018,l,103.525581,102.017769,109.845551,110.615494,
24-07-2018,l,109.717224,105.963737,119.373627,120.624786,
25-07-2018,l,118.699921,117.865814,128.195908,131.724838,
26-07-2018,l,124.667,121.298485,126.880592,129.575394,
27-07-2018,l,127.073074,122.228836,125.693588,132.655182,
30-07-2018,l,126.527702,123.41584,124.185783,128.580887,
31-07-2018,l,124.12162,122.581726,125.404861,127.169319,
01-08-2018,l,125.757751,122.966705,123.993294,126.784348,
02-08-2018,l,123.832893,119.020729,126.078568,129.414993,
03-08-2018,l,124.795319,124.47451,127.137238,131.083206,
06-08-2018,l,128.324234,125.886078,127.169319,129.70372,
07-08-2018,l,126.399376,119.758598,122.004272,126.591866,
08-08-2018,l,116.807137,114.850197,128.09967,133.906342,
09-08-2018,l,130.890717,127.169319,128.548813,132.751419,
10-08-2018,l,128.09967,125.821915,127.778862,129.54332,
13-08-2018,l,125.757751,123.672485,124.731163,127.554291,
14-08-2018,l,124.923645,124.8274,129.799973,131.788986,
16-08-2018,l,127.361809,127.361809,130.184937,132.173965,
17-08-2018,l,129.607483,128.773376,130.281189,132.623108,
20-08-2018,l,130.345352,129.70372,136.344498,137.467346,
21-08-2018,l,137.306931,136.055771,136.857803,142.439911,
23-08-2018,l,137.627747,130.95488,135.285828,138.108963,
24-08-2018,l,134.740448,133.040161,133.970505,137.627747,
27-08-2018,l,134.932938,133.008072,135.927444,136.857803,
28-08-2018,l,136.44075,134.387558,147.380386,149.176926,
29-08-2018,l,148.663635,141.092499,143.274017,151.839661,
30-08-2018,l,142.760712,141.028336,143.723145,148.374908,
31-08-2018,l,144.364777,142.664474,144.525177,146.674606,
03-09-2018,l,145.006393,130.986969,135.061264,145.904663,
04-09-2018,l,135.382065,129.607483,134.997101,138.846832,
05-09-2018,l,133.585526,132.045639,135.349991,139.039307,
06-09-2018,l,150,139.350006,163.699997,170.649994,
07-09-2018,l,165.25,155.699997,157.350006,169.899994,
10-09-2018,l,158,149.649994,150.75,158,
11-09-2018,l,151,146.300003,148.25,153.699997,
12-09-2018,l,148.5,142.75,148.899994,150.149994,
14-09-2018,l,149.75,148.25,150.600006,152.899994,
17-09-2018,l,150.199997,146.800003,152.050003,155.649994,
18-09-2018,l,151.949997,146.300003,148.449997,154.850006,
19-09-2018,l,149.399994,145.300003,147.350006,150.699997,
21-09-2018,l,148,132.649994,138.449997,153.5,
24-09-2018,l,138.449997,131.149994,134.5,139.75,
25-09-2018,l,133.5,125.650002,138.350006,142.399994,
26-09-2018,l,140.399994,133.699997,136.5,142.5,
27-09-2018,l,136,132.699997,142.25,143.050003,
28-09-2018,l,142.649994,125.599998,130.600006,143.399994,
01-10-2018,l,127,121.550003,137.350006,138.600006,
03-10-2018,l,137,130.050003,134.800003,141.5,
04-10-2018,l,129.399994,127,132.949997,134.300003,
05-10-2018,l,131.550003,128.25,130.199997,135.75,
08-10-2018,l,129,121.349998,133.149994,134.850006,
09-10-2018,l,136,129.350006,135.899994,137.699997,
10-10-2018,l,136.5,135,143.75,147.850006,
11-10-2018,l,138,135.149994,138.199997,143.399994,
12-10-2018,l,140.100006,140.100006,143.850006,145.399994,
15-10-2018,l,147,143.800003,152.449997,153.75,
16-10-2018,l,152.350006,151.75,157.649994,160,
17-10-2018,l,160.100006,154.25,161.75,163.649994,
19-10-2018,l,158.5,158.5,168.75,170.699997,
22-10-2018,l,171.100006,164.399994,168.5,176.699997,
23-10-2018,l,169,166,169.550003,171.850006,
24-10-2018,l,171,165.100006,167.550003,172.25,
25-10-2018,l,166.75,161.5,172.100006,174.399994,
26-10-2018,l,174,165.300003,166.75,174.75,
29-10-2018,l,168.649994,165.050003,171.75,172.600006,
30-10-2018,l,172.5,168.100006,169.050003,174,
31-10-2018,l,167,164.699997,170,173.800003,
01-11-2018,l,171.050003,168.850006,175,178.100006,
02-11-2018,l,176.600006,173.800003,175.600006,179.5,
05-11-2018,l,176.100006,155.800003,168.5,176.75,
06-11-2018,l,168.25,162,164.449997,169,
07-11-2018,l,165,164.699997,165.75,169,
09-11-2018,l,165.5,163.949997,166.300003,167.800003,
12-11-2018,l,166,158.149994,160.25,167.899994,
13-11-2018,l,160.25,158.75,162.149994,163,
14-11-2018,l,163.300003,158.25,160.850006,163.75,
15-11-2018,l,161.75,160,162.850006,166.25,
16-11-2018,l,163,157.5,161.449997,163.850006,
19-11-2018,l,162.399994,159.550003,162.100006,164.399994,
20-11-2018,l,161.649994,156.949997,160.149994,163.649994,
21-11-2018,l,161.600006,158.5,161,162,
22-11-2018,l,161.899994,157.550003,158.5,161.949997,
26-11-2018,l,158.5,155.649994,157.350006,159.899994,
27-11-2018,l,157.350006,154.25,159.149994,161,
28-11-2018,l,159.149994,156.300003,158,159.600006,
29-11-2018,l,159.350006,158.699997,169.899994,175.550003,
30-11-2018,l,168.5,163.5,165,174.800003,
03-12-2018,l,166.050003,163.5,166.699997,168.5,
04-12-2018,l,165.949997,160,162.75,166.5,
05-12-2018,l,161.050003,155.75,157.399994,164.949997,
06-12-2018,l,155.800003,149.75,150.550003,156,
07-12-2018,l,151.800003,150,152.899994,154.350006,
10-12-2018,l,146.850006,141,143.149994,147,
11-12-2018,l,139,134.5,151.899994,155.850006,
12-12-2018,l,152.800003,151.050003,156.100006,157,
13-12-2018,l,156,154,156,158.600006,
14-12-2018,l,156,154.100006,157.100006,157.899994,
17-12-2018,l,157.100006,156.350006,157.949997,158.899994,
18-12-2018,l,157.699997,156.199997,158.050003,159.75,
19-12-2018,l,160,158.5,160.199997,162.699997,
20-12-2018,l,159.399994,158.399994,159.25,162.5,
21-12-2018,l,159.800003,152,159.350006,161.5,
24-12-2018,l,159.399994,156.5,158.550003,160.899994,
26-12-2018,l,156.850006,155.100006,161.25,164.100006,
27-12-2018,l,162.25,159.850006,162.350006,167.800003,
28-12-2018,l,161.949997,159.800003,161.550003,164.300003,
31-12-2018,l,162.850006,160.199997,161,164.199997,
01-01-2019,l,160.899994,155.449997,157.25,162.350006,
02-01-2019,l,157,152.5,154.850006,157.850006,
03-01-2019,l,154.899994,150.300003,152.5,156.100006,
04-01-2019,l,152.100006,150,152.550003,154,
07-01-2019,l,152.899994,150.25,151.25,154.449997,
08-01-2019,l,150.5,149.649994,153.449997,154.300003,
09-01-2019,l,153.600006,147.600006,149.350006,154.449997,
10-01-2019,l,151,148.5,151.100006,151.800003,
11-01-2019,l,151.100006,149.100006,151.5,152.600006,
14-01-2019,l,151,147,148.350006,151.149994,
15-01-2019,l,148.5,147.25,148.649994,149.949997,
16-01-2019,l,148.199997,148,148.449997,150.699997,
17-01-2019,l,148.399994,146.350006,149,151.25,
18-01-2019,l,149.699997,144.550003,146.75,149.800003,
21-01-2019,l,146.5,144.25,145.949997,148,
22-01-2019,l,145.399994,141.699997,145.699997,146.649994,
23-01-2019,l,145.5,142.050003,143,146.5,
24-01-2019,l,143,141.100006,142.550003,144.050003,
25-01-2019,l,142.850006,136.149994,137.350006,145.449997,
28-01-2019,l,138,118.949997,136.399994,141,
29-01-2019,l,136.449997,133.600006,140.800003,143.800003,
30-01-2019,l,140.899994,136.5,139.899994,141.5,
31-01-2019,l,139.5,135,137.149994,141.75,
01-02-2019,l,136.949997,134.550003,143,144.800003,
04-02-2019,l,142.899994,121.300003,123.099998,142.899994,
05-02-2019,l,122,119.599998,124.25,127.400002,
06-02-2019,l,123.849998,114.800003,122.900002,124.199997,
07-02-2019,l,122.199997,119.050003,123.949997,126.800003,
08-02-2019,l,123,115.699997,123.75,125.449997,
11-02-2019,l,122.949997,115.800003,118.199997,123.25,
12-02-2019,l,117.199997,115.349998,116.949997,120,
14-02-2019,l,118.449997,116,118.099998,119.5,
15-02-2019,l,118.150002,116.5,119.800003,121.150002,
18-02-2019,l,118.300003,116.099998,117.5,119.900002,
19-02-2019,l,118.400002,116.800003,118.25,119.800003,
20-02-2019,l,117.949997,116.199997,120.050003,121.099998,
21-02-2019,l,119.800003,117.900002,119.400002,121,
22-02-2019,l,120.25,119.800003,128.050003,130.699997,
25-02-2019,l,125,123,132,133.899994,
26-02-2019,l,130,128,132.100006,134.300003,
27-02-2019,l,133.800003,129.550003,132.25,136.300003,
28-02-2019,l,133.5,128,128.850006,134.199997,
01-03-2019,w,130.350006,128.850006,133.850006,135.199997,
05-03-2019,w,132.5,132,141.800003,143.699997,
06-03-2019,w,142.75,138.199997,139.25,143.75,
07-03-2019,w,139,135.300003,136.899994,140.949997,
08-03-2019,w,135.75,135.399994,138.199997,139.350006,
11-03-2019,w,137.850006,137.600006,139.050003,140.949997,
12-03-2019,w,140.5,140.050003,148.399994,150.75,
13-03-2019,w,148.399994,145.399994,147.350006,150.399994,
14-03-2019,w,147.399994,143.600006,145.550003,149.199997,
15-03-2019,w,145.800003,140.25,141.850006,148.899994,
18-03-2019,w,142.399994,140.350006,143.899994,145,
19-03-2019,w,144.449997,140.5,142,144.850006,
20-03-2019,w,142,138.050003,139.449997,142.699997,
22-03-2019,w,140.699997,137.050003,138.25,141.449997,
25-03-2019,w,137,133.5,134.350006,137.600006,
26-03-2019,w,134.899994,133.399994,138.300003,140,
27-03-2019,w,138.550003,136.25,137.5,140.949997,
28-03-2019,w,138.449997,136.300003,137.800003,143.149994,
01-04-2019,w,147.449997,145.100006,151.449997,153.199997,
02-04-2019,w,151.699997,148.350006,151.649994,153.300003,
03-04-2019,w,150.300003,146.600006,147.550003,152.649994,
04-04-2019,w,147.949997,145.449997,147.5,150.300003,
05-04-2019,w,148,146.199997,146.899994,149.199997,
08-04-2019,w,147.5,141.100006,141.949997,148.649994,
09-04-2019,w,142.300003,137.449997,146,147,
10-04-2019,w,145.75,142.050003,142.850006,147.399994,
11-04-2019,w,142.75,138.600006,141,143.149994,
12-04-2019,w,140.800003,139.199997,141.399994,144.449997,
15-04-2019,w,141,140.550003,142.949997,145.149994,
16-04-2019,w,142.199997,142.199997,143.050003,145.350006,
18-04-2019,w,143.100006,137.649994,138.600006,144.449997,
22-04-2019,w,138,134.350006,135.149994,138.649994,
23-04-2019,w,135.399994,131.550003,132.5,136.300003,
24-04-2019,w,132.75,132.100006,136.149994,137.100006,
25-04-2019,w,135.100006,133.850006,134.75,137,
26-04-2019,w,135,130.25,131.399994,135.649994,
30-04-2019,w,131.800003,125,127.050003,131.800003,
02-05-2019,w,126,124.800003,126.650002,130,
03-05-2019,w,124,123,128.300003,129,
06-05-2019,w,125.75,125.050003,125.599998,127.400002,
07-05-2019,w,126.400002,120.050003,122.349998,127,
08-05-2019,w,121.800003,120.400002,120.900002,123.650002,
09-05-2019,w,121.900002,119.150002,120.099998,122.199997,
10-05-2019,w,121,119.25,120,122.300003,
13-05-2019,w,120.699997,116.650002,117.599998,120.900002,
14-05-2019,w,116.349998,115,123.349998,124.550003,
15-05-2019,w,124.199997,116.099998,117.400002,124.949997,
16-05-2019,w,118.099998,113,118.800003,119.5,
17-05-2019,w,117.75,116.099998,119.300003,120.550003,
20-05-2019,w,131.199997,128.100006,151.949997,154.899994,
21-05-2019,w,154.699997,148.449997,154.649994,158.949997,
22-05-2019,w,155.050003,152.800003,157.949997,158.800003,
23-05-2019,w,169.5,157.699997,161.050003,180.800003,
24-05-2019,w,162.350006,151.850006,156.399994,163.75,
27-05-2019,w,159.100006,155.149994,157.199997,160.699997,
28-05-2019,w,157.100006,156.050003,157.649994,160.350006,
29-05-2019,w,157.949997,151.75,155.149994,158.399994,
30-05-2019,w,158.100006,155.100006,158.100006,159.399994,
31-05-2019,w,158.5,149.100006,154.75,159.300003,
03-06-2019,w,154,151.649994,159.050003,161.899994,
04-06-2019,w,158.149994,154.5,157.600006,159.300003,
06-06-2019,w,156.899994,151.199997,153.149994,157.800003,
07-06-2019,w,152.949997,146.800003,151.350006,153.550003,
10-06-2019,w,152,147,149.949997,155.5,
11-06-2019,w,149.5,148.350006,153.600006,154.25,
12-06-2019,w,154,150.550003,153.199997,159.350006,
13-06-2019,w,153.199997,149,153.100006,158.850006,
14-06-2019,w,156,151.550003,152.449997,156,
17-06-2019,w,153,147.25,147.899994,153.949997,
18-06-2019,w,147.350006,144,147.949997,148.850006,
19-06-2019,w,148.449997,140.600006,142.800003,149.75,
20-06-2019,w,142.300003,140.350006,148.449997,149.699997,
21-06-2019,w,147,145.949997,146.800003,152,
24-06-2019,w,145.899994,144.600006,147.75,148.800003,
25-06-2019,w,146.5,144.850006,150.850006,151.949997,
26-06-2019,w,150,148.5,153.800003,155.300003,
27-06-2019,w,152.300003,151.5,152.850006,154.949997,
28-06-2019,w,152.5,149.800003,150.5,156.300003,
01-07-2019,l,150.649994,148.050003,154.100006,155.600006,
02-07-2019,l,154.899994,151.399994,154.699997,158.199997,
03-07-2019,l,156.399994,154.199997,155.600006,157.600006,
04-07-2019,l,160.100006,154.300003,156.100006,161.800003,
05-07-2019,l,156.300003,145.850006,147.300003,156.850006,
08-07-2019,l,143.25,137.550003,138.899994,146.25,
09-07-2019,l,138.050003,135.75,141.149994,143.199997,
10-07-2019,l,142,137.25,139.350006,142.5,
11-07-2019,l,140.5,137.5,141,141.850006,
12-07-2019,l,141,137.800003,140.300003,143.449997,
15-07-2019,l,141,136.100006,137.949997,141.699997,
16-07-2019,l,137.899994,136.600006,140.149994,140.949997,
17-07-2019,l,140.199997,137,138.050003,141,
18-07-2019,l,137.699997,133.350006,134.199997,137.949997,
19-07-2019,l,134.25,130.300003,131.399994,135.199997,
22-07-2019,l,130.75,128.699997,131.649994,134.199997,
23-07-2019,l,131.449997,130.75,134.050003,135.949997,
24-07-2019,l,133.449997,127.849998,129.800003,134,
25-07-2019,l,130.5,127.75,129.399994,131.300003,
26-07-2019,l,129.399994,128.399994,131.850006,134.199997,
29-07-2019,l,131,127.099998,129.449997,131.850006,
30-07-2019,l,128,123.849998,125.349998,131,
31-07-2019,l,125,124.199997,128.800003,129.300003,
01-08-2019,l,128.600006,123,125.449997,129.100006,
02-08-2019,l,124.900002,123.300003,128.100006,129.75,
05-08-2019,l,126.199997,121.150002,124.699997,126.400002,
06-08-2019,l,124,124,128.199997,129.449997,
07-08-2019,l,128.199997,124.599998,125.599998,130.149994,
08-08-2019,l,126.199997,124.050003,130.899994,134,
09-08-2019,l,134.699997,130.100006,132.399994,135.899994,
13-08-2019,l,133,128.600006,130.300003,133.899994,
14-08-2019,l,130.899994,127.349998,130.649994,132.449997,
16-08-2019,l,130,128.149994,132.850006,133.949997,
19-08-2019,l,132.800003,132.300003,135.5,136.949997,
20-08-2019,l,135.699997,132.050003,135.649994,136.800003,
21-08-2019,l,134,130.25,131.899994,135.300003,
22-08-2019,l,130.949997,126.099998,126.900002,131.300003,
23-08-2019,l,123.400002,122.900002,131.300003,132.199997,
26-08-2019,l,132.100006,128.300003,135.199997,135.949997,
27-08-2019,l,134.75,133.899994,137.149994,138.199997,
28-08-2019,l,136.199997,132.149994,135.949997,137.100006,
29-08-2019,l,138,130.350006,132.350006,138,
30-08-2019,l,132.399994,132.149994,137.350006,138.300003,
03-09-2019,l,135.600006,133,135.25,136.899994,
04-09-2019,l,134.600006,130.600006,134.949997,135.5,
05-09-2019,l,135,133.350006,135.75,138.649994,
06-09-2019,l,135.399994,135.050003,137.75,138.449997,
09-09-2019,l,137.800003,136.350006,140.899994,141.75,
11-09-2019,l,140.050003,140.050003,143.949997,144.899994,
12-09-2019,l,144.850006,142.050003,143.050003,146.300003,
13-09-2019,l,143,140.550003,145.75,146.899994,
16-09-2019,l,144,143.149994,145.949997,147.199997,
17-09-2019,l,145.5,142.399994,143.75,147.899994,
18-09-2019,l,144,142.100006,144.149994,146,
19-09-2019,l,143.949997,140.5,142.550003,144.899994,
20-09-2019,l,143,141.300003,149.100006,152.100006,
23-09-2019,l,154,147.550003,152.399994,154,
24-09-2019,l,151.25,145.399994,148.050003,153,
25-09-2019,l,149.699997,145.5,147.550003,151,
26-09-2019,l,148.449997,146.649994,152.699997,155.399994,
27-09-2019,l,152.699997,147.199997,149.449997,152.699997,
30-09-2019,l,149.100006,143.75,145.850006,149.75,
01-10-2019,l,146.100006,140.5,143.649994,147.699997,
03-10-2019,l,143,141.399994,143.550003,145,
04-10-2019,l,143.949997,137.550003,140,144.5,
07-10-2019,l,138.449997,135.25,135.800003,140,
09-10-2019,l,134.949997,134.100006,139,139.649994,
10-10-2019,l,138,135.300003,137.399994,139.100006,
11-10-2019,l,137.449997,134.600006,136.949997,138.800003,
14-10-2019,l,137.899994,137,147.100006,152.399994,
15-10-2019,l,147.699997,146.600006,155,155.850006,
16-10-2019,l,155,155,160.149994,160.899994,
17-10-2019,l,159.800003,157.649994,162.550003,165,
18-10-2019,l,174.899994,165.100006,175.100006,175.800003,
22-10-2019,l,174.5,173.399994,178.649994,180,
23-10-2019,l,178.75,172.399994,176.449997,178.75,
24-10-2019,l,175,174.300003,179,180,
25-10-2019,l,179.5,177.199997,181.300003,183.699997,
27-10-2019,l,182.899994,182,183.399994,184.25,
29-10-2019,l,182.800003,182.350006,195.550003,197,
30-10-2019,l,194.350006,192.300003,195.75,197.449997,
31-10-2019,l,196.699997,196,199.649994,201.300003,
01-11-2019,l,199,196.199997,200.449997,202.399994,
04-11-2019,l,200.949997,198.25,200.899994,203.899994,
05-11-2019,l,200,197.699997,200.550003,201.5,
06-11-2019,l,199,198.600006,207.550003,209.699997,
07-11-2019,l,207.899994,205.5,209.149994,210.399994,
08-11-2019,l,208.699997,206.199997,208.050003,212,
11-11-2019,l,206.949997,206.050003,210.850006,212.25,
13-11-2019,l,209,194.300003,198.199997,210.75,
14-11-2019,l,196.25,194.050003,202.300003,203.149994,
15-11-2019,l,202,200.800003,203.600006,205,
18-11-2019,l,203.800003,200.100006,201.149994,205.600006,
19-11-2019,l,202,196.25,199.699997,202.600006,
20-11-2019,l,198.5,198.100006,205.699997,207.449997,
21-11-2019,l,206.899994,201.949997,205.5,209,
22-11-2019,l,204.75,200.100006,203.449997,206.300003,
25-11-2019,l,201.899994,201.600006,215.199997,216.25,
26-11-2019,l,214.75,207.149994,210.600006,217.699997,
27-11-2019,l,209.899994,208.5,213.550003,215.199997,
28-11-2019,l,212.800003,210.5,213.100006,216.199997,
29-11-2019,l,212.399994,211.699997,214.899994,221.5,
02-12-2019,l,212,206.050003,209,213.699997,
03-12-2019,l,208,203.550003,207.850006,209.949997,
04-12-2019,l,205.800003,205.300003,212.449997,213.5,
05-12-2019,l,213,207.350006,208.399994,213.699997,
06-12-2019,l,208.449997,205.050003,206.5,210.050003,
09-12-2019,l,205.899994,202.399994,207.449997,209.699997,
10-12-2019,l,207.449997,203.300003,204.199997,208.199997,
11-12-2019,l,203.100006,202.649994,206.149994,207.800003,
12-12-2019,l,206.899994,206.600006,210.399994,212.350006,
13-12-2019,l,210.5,208.5,212.199997,213.25,
16-12-2019,l,212.100006,209.399994,210.5,213.25,
17-12-2019,l,210.5,210,211.199997,213.199997,
18-12-2019,l,211.800003,205.600006,208.149994,212.449997,
19-12-2019,l,207.649994,206.75,210.550003,211,
20-12-2019,l,210,209.5,218.800003,220.800003,
23-12-2019,l,217.75,212.399994,214.550003,220.800003,
24-12-2019,l,214.550003,207.600006,209.149994,216.949997,
26-12-2019,l,208.949997,205.600006,208.949997,211.100006,
27-12-2019,l,209.050003,207.100006,209.100006,211.199997,
30-12-2019,l,209.899994,208,208.649994,211.600006,
31-12-2019,l,208.699997,207.649994,208.350006,210.75,
01-01-2020,l,209,206.649994,207.850006,210.449997,
02-01-2020,l,208,207.5,211.199997,213.199997,
03-01-2020,l,210.25,205.800003,208.300003,212.350006,
06-01-2020,l,207.75,197.75,199.550003,207.75,
07-01-2020,l,200.550003,200.550003,204.050003,205.699997,
08-01-2020,l,201,194.550003,201.5,203.550003,
09-01-2020,l,201.899994,201.899994,208,208.899994,
10-01-2020,l,208,205.899994,209.100006,213,
13-01-2020,l,210.649994,209.600006,213.600006,216.25,
14-01-2020,l,213.449997,211.850006,214.350006,215.5,
15-01-2020,l,214.5,212.5,216.600006,218,
16-01-2020,l,217.699997,217,220,222.5,
17-01-2020,l,216,213.699997,228.399994,229.25,
20-01-2020,l,229.550003,224.149994,226.550003,232.25,
21-01-2020,l,224.350006,220.5,224.25,227,
22-01-2020,l,224.800003,221.149994,225.899994,228,
23-01-2020,l,226,225.75,229.600006,231.199997,
24-01-2020,l,225.5,219,229.75,232.399994,
27-01-2020,l,229.5,226.050003,230.550003,236.449997,
28-01-2020,l,232.25,229.100006,229.899994,234.5,
29-01-2020,l,231.699997,231,232.300003,238.350006,
30-01-2020,l,232.300003,228.199997,231.5,232.75,
31-01-2020,l,231,227.149994,229.449997,234.550003,
03-02-2020,l,221.699997,215.600006,220.899994,224.649994,
04-02-2020,l,222.649994,222.050003,225.449997,227.149994,
05-02-2020,l,226.75,222.550003,236.25,239.300003,
06-02-2020,l,237.399994,234.100006,236.5,243.600006,
07-02-2020,l,236.399994,235.25,239.5,242.149994,
10-02-2020,l,239.5,237.550003,244.5,245.149994,
11-02-2020,l,245.199997,243.649994,245.300003,248.600006,
12-02-2020,l,245.899994,245,249.699997,251.399994,
13-02-2020,l,249.800003,248.25,251.449997,252.75,
14-02-2020,l,252.5,251.550003,256.149994,258.600006,
17-02-2020,l,256.899994,251.649994,252.5,257.399994,
18-02-2020,l,251.649994,245.25,249.449997,251.649994,
19-02-2020,l,250,249.899994,254,255.5,
20-02-2020,l,253.199997,252.649994,258.649994,261,
24-02-2020,l,254.800003,244.100006,247.25,255.850006,
25-02-2020,l,249.800003,242.399994,246.449997,251.75,
26-02-2020,l,244,241,242.800003,246.300003,
27-02-2020,l,241.449997,232.050003,234.149994,241.449997,
28-02-2020,l,221,217,218.649994,226.800003,
02-03-2020,l,223,216.149994,218.600006,226.699997,
03-03-2020,l,221,219.25,225.75,228.649994,
04-03-2020,l,226.100006,213.550003,221.100006,227,
05-03-2020,l,223.75,219.350006,221.75,226.850006,
06-03-2020,l,215.100006,207.5,214.75,216.75,
09-03-2020,l,207,197.25,199.699997,208.5,
11-03-2020,l,197.399994,192.25,195.75,205,
12-03-2020,l,180.100006,160.449997,162.149994,183.899994,
13-03-2020,l,145.949997,129.75,148.75,161.350006,
16-03-2020,l,141,128.649994,134.699997,142.300003,
17-03-2020,l,135.699997,130.5,133.399994,142.550003,
18-03-2020,l,135.899994,127.099998,130.199997,137,
19-03-2020,l,121,118.199997,128.899994,132.949997,
20-03-2020,l,138,128.699997,137.699997,141.600006,
23-03-2020,l,123.050003,118.199997,120.900002,135,
24-03-2020,l,125,116.400002,130.350006,132.949997,
25-03-2020,l,126,125,132.300003,134.899994,
26-03-2020,l,135,132.050003,140.25,152,
27-03-2020,l,146,126.25,128,151,
30-03-2020,l,124,121,128.699997,129.800003,
31-03-2020,l,131.699997,129.449997,137.600006,138.449997,
01-04-2020,l,138.949997,131.800003,133.949997,138.949997,
03-04-2020,l,134,128,129.050003,134.600006,
07-04-2020,l,131,131,138.149994,141.5,
08-04-2020,l,136.850006,134.899994,138.100006,147.149994,
09-04-2020,l,140,140,142.449997,146.25,
13-04-2020,l,142,136.550003,146,149,
15-04-2020,l,148.050003,143.199997,145.25,150.949997,
16-04-2020,l,142,140.550003,143.300003,144.850006,
17-04-2020,l,146.949997,141.550003,143.899994,148.550003,
20-04-2020,l,146,142.600006,146.699997,155.449997,
21-04-2020,l,143,134.149994,135.949997,143,
22-04-2020,l,136,132.100006,137.600006,138.800003,
23-04-2020,l,140.5,137.5,140.5,142.5,
24-04-2020,l,137.149994,134.100006,134.649994,140.550003,
27-04-2020,l,136.399994,134.100006,134.600006,138.350006,
28-04-2020,l,135.949997,135.050003,139.300003,141.899994,
29-04-2020,l,140,135.649994,139.5,140.699997,
30-04-2020,l,141.449997,140.300003,141.399994,147.449997,
04-05-2020,l,136.899994,130,131.550003,137.5,
05-05-2020,l,135,131.800003,132.699997,136.350006,
06-05-2020,l,133.649994,127.300003,133.25,135.399994,
07-05-2020,l,131.100006,130,134.899994,135.649994,
08-05-2020,l,136.899994,136.199997,137.149994,139.350006,
11-05-2020,l,137.850006,137.5,140.050003,143.300003,
12-05-2020,l,138.5,133.199997,139.899994,140.699997,
13-05-2020,l,145,140.75,141.149994,145,
14-05-2020,l,139.550003,137.399994,140.899994,142.350006,
15-05-2020,l,141.399994,140,141.050003,143.699997,
18-05-2020,l,144.800003,134.350006,135.899994,146.399994,
19-05-2020,l,137.800003,134.449997,139.699997,145.899994,
20-05-2020,l,139.5,138,141.350006,143.199997,
21-05-2020,l,142.199997,137.050003,138.300003,144,
22-05-2020,l,138,136.600006,138.100006,141.199997,
26-05-2020,l,139,138.350006,139.5,143.300003,
27-05-2020,l,139.75,138.5,141,141.600006,
28-05-2020,l,141.699997,140.600006,142.649994,144.399994,
29-05-2020,l,141.100006,141.100006,148.350006,153.600006,
01-06-2020,l,150,149.5,150.5,154.899994,
02-06-2020,l,151,148.25,149.949997,152.600006,
03-06-2020,l,151.75,149.600006,150.649994,157.899994,
04-06-2020,l,150.5,146.149994,148,153.899994,
05-06-2020,l,148.899994,148.449997,152.449997,155,
08-06-2020,l,155.600006,150.649994,152.649994,158.5,
09-06-2020,l,154.199997,151.050003,151.899994,156.699997,
10-06-2020,l,152.75,150.25,151.850006,154.75,
11-06-2020,l,151.850006,150.25,151.800003,165.449997,
12-06-2020,l,144,141,152.300003,153.300003,
15-06-2020,l,151.800003,148.25,149.25,156.850006,
16-06-2020,l,153.5,142.75,146.199997,154,
17-06-2020,l,145,143.449997,147.149994,148.449997,
18-06-2020,l,146.699997,146,147.850006,149.449997,
19-06-2020,l,149.600006,148.899994,152.699997,154.399994,
22-06-2020,l,154.5,153.600006,154.649994,156.199997,
23-06-2020,l,157,155.550003,157.199997,161.800003,
24-06-2020,l,159.100006,153.5,154.800003,163,
25-06-2020,l,153.25,153,161.649994,169.199997,
26-06-2020,l,164,161.300003,162.149994,166.350006,
29-06-2020,l,161.399994,156.75,159.75,163.550003,
30-06-2020,l,161.399994,155.25,156.25,164.149994,
01-07-2020,l,157.149994,156.050003,157.649994,159,
02-07-2020,l,159.800003,156.149994,158.199997,160.949997,
03-07-2020,l,160,157.399994,160,163.850006,
06-07-2020,l,161.949997,160.5,164.199997,165.199997,
07-07-2020,l,164.5,163.300003,168.149994,170.649994,
08-07-2020,l,168,161.399994,163,169.5,
09-07-2020,l,163,161.449997,162.75,165.100006,
10-07-2020,l,161.5,158.5,159.699997,163.399994,
13-07-2020,l,161.449997,154.350006,156.050003,162.449997,
14-07-2020,l,155.899994,149,149.75,156.25,
15-07-2020,l,150.100006,147,147.75,153.850006,
16-07-2020,l,148.100006,145.199997,148.899994,150,
17-07-2020,l,149.75,149,151.600006,153.899994,
20-07-2020,l,153.149994,152.100006,160.699997,161.899994,
21-07-2020,l,161.449997,159.100006,167.300003,168.100006,
22-07-2020,l,167,162,169.399994,172,
23-07-2020,l,168.350006,165.399994,169.949997,170.699997,
24-07-2020,l,167.399994,163.649994,168.75,169.75,
27-07-2020,l,168.649994,163,165.949997,169.050003,
28-07-2020,l,166.300003,163.800003,173.550003,174.899994,
29-07-2020,l,174,172.050003,179.100006,190.850006,
30-07-2020,l,179.199997,173.25,175.050003,181.350006,
31-07-2020,l,174,172.100006,175.25,178.649994,
03-08-2020,l,175.25,171.199997,172.25,178.699997,
04-08-2020,l,174,172.199997,182.100006,184,
05-08-2020,l,183,178.5,179.600006,184.800003,
06-08-2020,l,180.100006,177.5,185.949997,188,
07-08-2020,l,181.050003,180.100006,192.899994,195,
10-08-2020,l,192.899994,192.350006,195.699997,198.300003,
11-08-2020,l,196,194.399994,195.850006,199.800003,
12-08-2020,l,195.800003,190.199997,197.699997,200.75,
13-08-2020,l,198.899994,197.75,200.75,203.300003,
14-08-2020,l,202.399994,191.449997,196.199997,204.5,
17-08-2020,l,197.399994,196.050003,197.800003,201.649994,
18-08-2020,l,200,199,213.699997,216.800003,
19-08-2020,l,214.25,214.25,239.550003,245.399994,
20-08-2020,l,241.199997,230.399994,234,245,
21-08-2020,l,237.100006,231.100006,233.350006,244.5,
24-08-2020,l,236,235,248.699997,253.850006,
25-08-2020,l,252,250,307.549988,322.399994,
26-08-2020,l,299,278.25,285.549988,302.799988,
27-08-2020,l,284.899994,283.700012,286.700012,297.700012,
28-08-2020,l,289,286.5,288.25,295.649994,
31-08-2020,l,290,270.25,279.549988,297.600006,
01-09-2020,l,279.950012,271.549988,281.100006,287.049988,
02-09-2020,l,283,280.399994,293.049988,306,
03-09-2020,l,294.75,287.649994,291.25,298.700012,
04-09-2020,l,284,280.100006,285.149994,293.450012,
07-09-2020,l,285.149994,282.049988,285.25,291.700012,
08-09-2020,l,286,273.549988,277.700012,289.799988,
09-09-2020,l,276.899994,274.399994,283.049988,286.899994,
10-09-2020,l,287.649994,285.899994,298.299988,307.950012,
11-09-2020,l,299,292.100006,296,303.649994,
14-09-2020,l,301.799988,290.149994,293.149994,304,
15-09-2020,l,294.899994,270,288.549988,298.700012,
16-09-2020,l,292.700012,290.100006,297.100006,302.850006,
17-09-2020,l,295,292.149994,293.700012,300.799988,
18-09-2020,l,297.600006,287.299988,291.549988,299.700012,
21-09-2020,l,293,265,277.100006,296.25,
22-09-2020,l,278.25,257.5,280.399994,283,
23-09-2020,l,283.950012,278.450012,283.549988,296.25,
24-09-2020,l,277.950012,269.5,270.450012,281.25,
25-09-2020,l,275.899994,275,280.299988,283.600006,
28-09-2020,l,283.100006,282.100006,295.700012,302.049988,
29-09-2020,l,299.899994,292.149994,297.899994,307,
30-09-2020,l,300,295.100006,297.100006,304.700012,
01-10-2020,l,299.799988,296,308.149994,311.950012,
05-10-2020,l,311.5,307.350006,326.600006,334.5,
06-10-2020,l,329.399994,320.299988,327.149994,331.149994,
07-10-2020,l,325.149994,323.25,330.100006,335.600006,
08-10-2020,l,329,310.5,316.25,329.799988,
09-10-2020,l,318.799988,310.5,313,322.049988,
12-10-2020,l,315,313,315.350006,322.700012,
13-10-2020,l,315.5,309.75,313.200012,316.799988,
14-10-2020,l,312.950012,310.049988,313.399994,315.700012,
15-10-2020,l,315,305.350006,307.100006,325.850006,
16-10-2020,l,309.25,305.350006,307,313.950012,
19-10-2020,l,309.899994,309.350006,316.950012,319.25,
20-10-2020,l,315.299988,313.5,321.899994,327.850006,
21-10-2020,l,322,306,312,324.700012,
22-10-2020,l,311,309,311.5,314.799988,
23-10-2020,l,314,313.299988,315.450012,322.450012,
26-10-2020,l,318,305.049988,307.399994,318.700012,
27-10-2020,l,308,303,314.049988,315.350006,
28-10-2020,l,313.799988,309.850006,318.850006,320.799988,
29-10-2020,l,315.399994,313.200012,328.899994,332.350006,
30-10-2020,l,331.049988,329.649994,339.700012,347.5,
02-11-2020,l,339.100006,333.049988,341.100006,344.299988,
03-11-2020,l,344,340.149994,344.799988,349.600006,
04-11-2020,l,342.600006,337.5,351.850006,359.5,
05-11-2020,l,353,345.25,352.75,354.950012,
06-11-2020,l,352,345.049988,352.100006,353.850006,
09-11-2020,l,354,351.850006,357.899994,364.700012,
10-11-2020,l,358.100006,353.200012,359.5,361.75,
11-11-2020,l,359.200012,354.049988,360.100006,362.700012,
12-11-2020,l,358.200012,358,365.549988,369.5,
13-11-2020,l,364,362.049988,368.600006,371.649994,
14-11-2020,l,369.799988,369.5,371.25,372.850006,
17-11-2020,l,372,371,394.299988,401.950012,
18-11-2020,l,393.950012,387.399994,394.5,404.700012,
19-11-2020,l,390,377.799988,385.75,398.5,
20-11-2020,l,385.100006,385,388.299988,402,
23-11-2020,l,390.100006,383.100006,409.049988,413.700012,
24-11-2020,l,409.899994,404.200012,407.200012,415.5,
25-11-2020,l,408.950012,393,399.25,411.5,
26-11-2020,l,402.799988,399.149994,401.950012,411.549988,
27-11-2020,l,401,396.299988,398.399994,407.850006,
01-12-2020,l,398,395.100006,421.899994,423.950012,
02-12-2020,l,420.549988,419.350006,453.75,461.899994,
03-12-2020,l,453.75,443.25,447.549988,457,
04-12-2020,l,449,442,445.950012,456.549988,
07-12-2020,l,446,445.950012,457.549988,466.350006,
08-12-2020,l,457.549988,446.549988,451.899994,462.299988,
09-12-2020,l,454,447.299988,449.100006,458.100006,
10-12-2020,l,448,438.049988,447.25,452.25,
11-12-2020,l,447.25,440.399994,449.799988,451.799988,
14-12-2020,l,451,447,455.149994,462,
15-12-2020,l,455.5,446.549988,462.450012,464.049988,
16-12-2020,l,462.5,457.549988,463.25,467.549988,
17-12-2020,l,463.399994,455.100006,459.299988,473.950012,
18-12-2020,l,461,450.799988,455.149994,464.200012,
21-12-2020,l,454,409.649994,429.200012,460.75,
22-12-2020,l,428.200012,418.100006,458.799988,461.549988,
23-12-2020,l,458,454.200012,463.600006,466.799988,
24-12-2020,l,465,462.399994,473.649994,479.850006,
28-12-2020,l,473,472.700012,490.850006,507,
29-12-2020,l,492,484.700012,489.200012,499.149994,
30-12-2020,l,489.200012,478.399994,484.149994,496,
31-12-2020,l,481,435.75,479.549988,484,
01-01-2021,l,477,477,491.149994,493.25,
04-01-2021,l,492,486.649994,494.5,502.600006,
05-01-2021,l,492,489.600006,494.399994,501.399994,
06-01-2021,l,496,484.25,490.899994,500.649994,
07-01-2021,l,493.899994,493.799988,518.099976,523.950012,
08-01-2021,l,523,514.099976,518,526.599976,
11-01-2021,l,520.599976,510.5,519.150024,524.599976,
12-01-2021,l,519,517.099976,525.400024,536.599976,
13-01-2021,l,529.099976,521.299988,536.049988,540.200012,
14-01-2021,l,534.950012,528.400024,532.099976,541,
15-01-2021,l,534.700012,518.799988,527.299988,537.5,
18-01-2021,l,528,502.049988,507.850006,529.099976,
19-01-2021,l,512.299988,512.299988,530.099976,532,
20-01-2021,l,532.150024,531,546.75,552.150024,
21-01-2021,l,551.400024,531.549988,536.900024,552.950012,
22-01-2021,l,534.049988,521.599976,526.799988,546.75,
25-01-2021,l,530.25,509,513.900024,534.400024,
27-01-2021,l,513.099976,507.049988,512.799988,521.549988,
28-01-2021,l,507.299988,501.350006,511.850006,519.5,
29-01-2021,l,515.200012,502.5,506.649994,525.200012,
01-02-2021,w,510.5,496.899994,537.200012,539.5,
02-02-2021,w,542.049988,540.799988,564.200012,566.900024,
03-02-2021,w,568,558.349976,566.599976,576.599976,
04-02-2021,w,561.950012,556,589.700012,611.700012,
05-02-2021,w,595,588.599976,595.349976,607.849976,
08-02-2021,w,605.400024,603.549988,628.299988,638,
09-02-2021,w,631.450012,621,629.849976,641.900024,
10-02-2021,w,633.049988,622.099976,650.700012,654.900024,
11-02-2021,w,654,645.349976,658.599976,661,
12-02-2021,w,657,655.200012,718.950012,724.450012,
15-02-2021,w,725,707.650024,763.450012,787.950012,
16-02-2021,w,760,756.25,780.200012,802.950012,
17-02-2021,w,787.150024,782.25,785.450012,802,
18-02-2021,w,787.25,786,808.200012,824.5,
19-02-2021,w,813,729.5,781.900024,831,
22-02-2021,w,786,780.549988,805.900024,813,
23-02-2021,w,814.799988,789,799.650024,827.299988,
24-02-2021,w,806,795.450012,805.200012,812.049988,
25-02-2021,w,814,809,843.5,862.400024,
26-02-2021,w,833.900024,819.849976,833.650024,861,
01-03-2021,w,840.75,836.450012,851.5,860.950012,
02-03-2021,w,857.400024,852.25,872.549988,876.5,
03-03-2021,w,880.450012,872.849976,915.349976,944.900024,
04-03-2021,w,910,905.400024,918.400024,938.700012,
05-03-2021,w,918,888.299988,909.900024,934,
08-03-2021,w,918.099976,905.099976,910.200012,926.400024,
09-03-2021,w,918,893.599976,905.200012,928.400024,
10-03-2021,w,911,888.700012,898.150024,914.099976,
12-03-2021,w,905,889.299988,894.099976,923.799988,
15-03-2021,w,898.75,874.5,896.200012,904,
16-03-2021,w,900.700012,888.049988,897.799988,904.400024,
17-03-2021,w,898,865,873.900024,905.400024,
18-03-2021,w,876,857.75,871.049988,891,
19-03-2021,w,866,840.200012,889.650024,895.400024,
22-03-2021,w,892.900024,883.450012,991.049988,1003,
23-03-2021,w,999,991.049988,1058.400024,1086.699951,
24-03-2021,w,1063,1018.400024,1025.449951,1093,
25-03-2021,w,1032.949951,977,981.549988,1041.449951,
26-03-2021,w,1000,978,988.299988,1018.450012,
30-03-2021,w,1004,988,1031.550049,1042.449951,
31-03-2021,w,1038,1016.599976,1031.150024,1053.150024,
01-04-2021,w,1043.400024,1035,1107.199951,1116.050049,
05-04-2021,w,1127,1098.849976,1138.25,1150,
06-04-2021,w,1153.400024,1142.5,1225.400024,1241,
07-04-2021,w,1233.400024,1108,1165.550049,1251.599976,
08-04-2021,w,1162.5,1137.75,1162.5,1191,
09-04-2021,w,1163.400024,1151.199951,1201.400024,1228,
12-04-2021,w,1177.400024,1061.400024,1074.400024,1177.400024,
13-04-2021,w,1077,1051.050049,1106.349976,1116.300049,
15-04-2021,w,1095,1081.349976,1129.949951,1144.900024,
16-04-2021,w,1130,1112,1159,1192,
19-04-2021,w,1100,1089,1136.349976,1153,
20-04-2021,w,1156.849976,1125.050049,1142.75,1177.699951,
22-04-2021,w,1134,1123,1157.800049,1169,
23-04-2021,w,1161,1145.650024,1157.599976,1182.900024,
26-04-2021,w,1160,1160,1173.349976,1197.900024,
27-04-2021,w,1184.699951,1181,1191.150024,1213.5,
28-04-2021,w,1207.949951,1180.75,1185.199951,1213.949951,
29-04-2021,w,1196.550049,1178,1182.300049,1212.650024,
30-04-2021,w,1171,1143,1158.699951,1200.949951,
03-05-2021,w,1145.099976,1122.650024,1255.550049,1264.400024,
04-05-2021,w,1285,1241.849976,1262.5,1298.949951,
05-05-2021,w,1274.400024,1240.25,1267.5,1288.25,
06-05-2021,w,1272.349976,1263,1286.75,1311.849976,
07-05-2021,w,1305,1290.449951,1298.900024,1322.400024,
10-05-2021,w,1294.900024,1286.300049,1304.099976,1314,
11-05-2021,w,1292,1284,1303.5,1326,
12-05-2021,w,1311,1278.599976,1285.800049,1328.5,
14-05-2021,w,1300,1213.349976,1220.349976,1302,
17-05-2021,w,1230,1227.449951,1289.099976,1299,
18-05-2021,w,1314.949951,1302,1326.699951,1344.949951,
19-05-2021,w,1350,1283.900024,1294.699951,1351.550049,
20-05-2021,w,1301.300049,1283.949951,1302,1320,
21-05-2021,w,1320,1300.050049,1315.099976,1336,
24-05-2021,w,1321.699951,1303,1306.800049,1328.650024,
25-05-2021,w,1314.349976,1272.900024,1282.75,1322,
26-05-2021,w,1288.949951,1254.25,1322.800049,1326.849976,
27-05-2021,w,1329.5,1304.25,1325.800049,1342,
28-05-2021,w,1311.599976,1298,1302.599976,1330.449951,
31-05-2021,w,1307.050049,1292,1316.300049,1321.5,
01-06-2021,w,1319.900024,1309.050049,1416.25,1430,
02-06-2021,w,1425.550049,1413,1546.75,1557,
03-06-2021,w,1564,1553,1583.099976,1623.800049,
04-06-2021,w,1605,1585.800049,1700.949951,1713.550049,
07-06-2021,w,1715,1613,1624.300049,1717.199951,
08-06-2021,w,1633,1602.449951,1636.449951,1668,
09-06-2021,w,1640,1571.849976,1594.650024,1649.449951,
10-06-2021,w,1612,1591,1612,1630,
11-06-2021,w,1615.099976,1575.25,1601.599976,1620.099976,
14-06-2021,w,1441.449951,1201.199951,1501.449951,1529.949951,
15-06-2021,w,1550.949951,1477.199951,1538.849976,1572.599976,
16-06-2021,w,1510,1409.300049,1448.300049,1538.199951,
17-06-2021,w,1380,1303.5,1367.699951,1436,
18-06-2021,w,1350,1332.550049,1487.5,1504,
21-06-2021,w,1490,1444.849976,1540,1582,
22-06-2021,w,1554.050049,1531.800049,1541.599976,1582,
23-06-2021,w,1560.099976,1481.300049,1504.75,1569.949951,
24-06-2021,w,1509.949951,1488.050049,1508.5,1519,
25-06-2021,w,1525,1501,1519.449951,1534,
28-06-2021,w,1524.900024,1518.199951,1525.75,1565,
29-06-2021,w,1526,1513,1523.550049,1548.699951,
30-06-2021,w,1539,1502.699951,1507.550049,1539,
01-07-2021,w,1509.550049,1482.900024,1490.25,1522.550049,
02-07-2021,w,1490.25,1411.550049,1422.050049,1507.699951,
05-07-2021,w,1427,1350.599976,1394.349976,1443.949951,
06-07-2021,w,1400.900024,1378.75,1414.800049,1444.150024,
07-07-2021,w,1420,1385,1425.650024,1437.099976,
08-07-2021,w,1420,1411.800049,1425.900024,1445,
09-07-2021,w,1425.900024,1416.449951,1431.349976,1456.599976,
12-07-2021,w,1442,1414.150024,1420.699951,1447,
13-07-2021,w,1433,1385.199951,1417.699951,1433,
14-07-2021,w,1449,1397.800049,1402.050049,1449,
15-07-2021,w,1399,1393.400024,1407.949951,1429,
16-07-2021,w,1409,1388.25,1395.5,1415,
19-07-2021,w,1390,1332.75,1380.599976,1412.650024,
20-07-2021,w,1340,1336.099976,1365.699951,1382.900024,
22-07-2021,w,1375,1340.5,1416.75,1424.900024,
23-07-2021,w,1430,1386.199951,1401.650024,1434.849976,
26-07-2021,w,1399.800049,1392,1403.900024,1416.800049,
27-07-2021,w,1403.900024,1378.150024,1396.75,1424.599976,
28-07-2021,w,1406.849976,1378.599976,1399.900024,1424.800049,
29-07-2021,w,1413.949951,1397,1400.25,1425,
30-07-2021,w,1409.5,1400.25,1420.25,1449.5,
02-08-2021,w,1435,1424.099976,1438.199951,1445,
03-08-2021,w,1467,1422.199951,1442.800049,1467,
04-08-2021,w,1460,1423.050049,1429.550049,1460,
05-08-2021,w,1428,1407.400024,1432.349976,1438,
06-08-2021,w,1422,1422,1536.650024,1555,
09-08-2021,w,1546.699951,1482.5,1493.400024,1565,
10-08-2021,w,1488,1426.050049,1446.5,1498.650024,
11-08-2021,w,1455,1407,1437.050049,1456.599976,
12-08-2021,w,1443.599976,1430.25,1442.900024,1458,
13-08-2021,w,1445,1428,1437,1454,
16-08-2021,w,1431.5,1413.550049,1430.099976,1449.699951,
17-08-2021,w,1431,1416.199951,1441.650024,1451,
18-08-2021,w,1441.900024,1432.599976,1460,1496.800049,
20-08-2021,w,1438,1411,1430.099976,1482.650024,
23-08-2021,w,1415.050049,1361.550049,1396.699951,1427.75,
24-08-2021,w,1407,1390,1437.800049,1448.400024,
25-08-2021,w,1444.25,1425,1475.349976,1481.800049,
26-08-2021,w,1482,1460.400024,1475.699951,1494.650024,
27-08-2021,w,1475,1474.099976,1506.050049,1515,
30-08-2021,w,1513.75,1493.300049,1516.550049,1527,
31-08-2021,w,1517.300049,1512.800049,1587.599976,1596.849976,
01-09-2021,w,1594.900024,1561.5,1565.199951,1600.849976,
02-09-2021,w,1571,1565.5,1570.550049,1594.300049,
03-09-2021,w,1578.5,1551.550049,1565.550049,1581.400024,
06-09-2021,w,1572,1566.050049,1582,1628.449951,
07-09-2021,w,1585.099976,1553,1558.099976,1592.349976,
08-09-2021,w,1559.900024,1538.25,1555.949951,1579,
09-09-2021,w,1561.599976,1535.050049,1545,1565.5,
13-09-2021,w,1548,1525.25,1532.449951,1557,
14-09-2021,w,1539.900024,1497.050049,1513.199951,1547.25,
15-09-2021,w,1524,1496.900024,1516.800049,1545.599976,
16-09-2021,w,1523,1499.75,1503.199951,1535,
17-09-2021,w,1503.199951,1465.75,1480.25,1525,
20-09-2021,w,1464.900024,1409.949951,1418.849976,1488.5,
21-09-2021,w,1420,1381.349976,1441.449951,1446.949951,
22-09-2021,w,1435,1424.349976,1437.75,1462.650024,
23-09-2021,w,1453,1441.099976,1474.349976,1480,
24-09-2021,w,1483,1455,1461.699951,1516,
27-09-2021,w,1462,1462,1531.25,1544,
28-09-2021,w,1557,1475,1487.300049,1557.900024,
29-09-2021,w,1466.300049,1464.300049,1485.650024,1498,
30-09-2021,w,1484.699951,1463.349976,1468.099976,1519,
01-10-2021,w,1465,1422.650024,1458.699951,1468.75,
04-10-2021,w,1471,1460.099976,1526.650024,1531,
05-10-2021,w,1515,1512.349976,1527.650024,1557.849976,
06-10-2021,w,1529.800049,1472,1479.550049,1541,
07-10-2021,w,1502.849976,1490,1520.75,1535.75,
08-10-2021,w,1522,1511.449951,1547.900024,1569.449951,
11-10-2021,w,1553,1532.150024,1539.75,1563.699951,
12-10-2021,w,1539,1514.5,1554.449951,1566.900024,
13-10-2021,w,1568.449951,1551.300049,1569.699951,1608.300049,
14-10-2021,w,1580,1574.800049,1646.349976,1656,
18-10-2021,w,1672.949951,1608.550049,1615.5,1672.949951,
19-10-2021,w,1625.199951,1562.050049,1569.449951,1637,
20-10-2021,w,1574,1539.099976,1589.699951,1607.349976,
21-10-2021,w,1601.949951,1581.699951,1595.050049,1626.849976,
22-10-2021,w,1595.050049,1537,1543,1608.800049,
25-10-2021,w,1545,1494.050049,1532.199951,1551.400024,
26-10-2021,w,1532,1520.900024,1543.849976,1557.25,
27-10-2021,w,1548,1540,1566.550049,1581.150024,
28-10-2021,w,1550,1367.699951,1398.550049,1566.900024,
29-10-2021,w,1400,1377.75,1423.599976,1454.800049,
01-11-2021,w,1436,1411.199951,1445.300049,1457,
02-11-2021,w,1455,1452.800049,1472.800049,1489,
03-11-2021,w,1474,1464.449951,1485.900024,1501,
04-11-2021,w,1495,1483,1489.449951,1511.5,
08-11-2021,w,1495,1485.650024,1568.25,1575.150024,
09-11-2021,w,1555,1554.949951,1635.449951,1659,
10-11-2021,w,1625.550049,1620.400024,1655.849976,1686,
11-11-2021,w,1650,1640.849976,1664.900024,1704,
12-11-2021,w,1678.300049,1670.099976,1705.199951,1719.5,
15-11-2021,w,1713.75,1691.800049,1749.550049,1764,
16-11-2021,w,1759.449951,1706.900024,1711.599976,1766.550049,
17-11-2021,w,1714,1682.5,1706.449951,1729.699951,
18-11-2021,w,1708,1640,1688.75,1714,
22-11-2021,w,1691.400024,1610.050049,1675.75,1701.400024,
23-11-2021,w,1660.150024,1650,1707.949951,1720.349976,
24-11-2021,w,1721.599976,1712.449951,1755.150024,1788.900024,
25-11-2021,w,1762.949951,1735.550049,1763.050049,1773.699951,
26-11-2021,w,1740,1660.849976,1669.550049,1768.550049,
29-11-2021,w,1655,1609.849976,1665.050049,1697,
30-11-2021,w,1668,1648.150024,1662.849976,1718.650024,
01-12-2021,w,1694,1652.349976,1693.300049,1705,
02-12-2021,w,1692.5,1687.650024,1732.25,1735,
03-12-2021,w,1734,1701.099976,1708.099976,1745,
06-12-2021,w,1710,1640,1645.599976,1727.949951,
07-12-2021,w,1658.900024,1654,1678.449951,1686.699951,
08-12-2021,w,1679.800049,1679.050049,1715.5,1726.400024,
09-12-2021,w,1725,1706.599976,1722.25,1739.25,
10-12-2021,w,1710.599976,1710.599976,1740.400024,1788,
13-12-2021,w,1755,1711.099976,1719.550049,1762.199951,
14-12-2021,w,1712,1683,1720.099976,1727.900024,
15-12-2021,w,1720,1687.050049,1695.300049,1727,
16-12-2021,w,1707.300049,1687,1702.050049,1719.849976,
17-12-2021,w,1698.949951,1640,1645.300049,1702,
20-12-2021,w,1629,1555.199951,1589.949951,1629,
21-12-2021,w,1621.099976,1602.900024,1620.5,1645.900024,
22-12-2021,w,1631.25,1627,1658.099976,1663.449951,
23-12-2021,w,1674.699951,1658.199951,1676.199951,1684.199951,
24-12-2021,w,1680,1658.199951,1698.199951,1703.949951,
27-12-2021,w,1694.75,1686.050049,1730.199951,1738,
28-12-2021,w,1740,1728.099976,1751,1760,
29-12-2021,w,1751,1709.400024,1718.050049,1755,
30-12-2021,w,1714,1685,1696.400024,1725,
31-12-2021,w,1694.949951,1691.050049,1709.449951,1725,
03-01-2022,w,1713,1711.199951,1717.150024,1733,
04-01-2022,w,1725.75,1700,1719,1728,
05-01-2022,w,1722,1702.550049,1715.449951,1744.650024,
06-01-2022,w,1710,1675.599976,1713.099976,1723.849976,
07-01-2022,w,1719.900024,1689.5,1699.099976,1730.800049,
10-01-2022,w,1707.550049,1699.099976,1752.599976,1766,
11-01-2022,w,1758,1737,1843.900024,1850,
12-01-2022,w,1873,1808.300049,1830.099976,1873,
13-01-2022,w,1834,1808,1853.349976,1863,
14-01-2022,w,1850,1831.099976,1870.25,1890.449951,
17-01-2022,w,1876,1855.650024,1877.800049,1901.400024,
18-01-2022,w,1885,1830.050049,1840.949951,1908.5,
19-01-2022,w,1839.800049,1811.25,1849.300049,1857,
20-01-2022,w,1855,1843.699951,1865.849976,1880.349976,
21-01-2022,w,1860.849976,1810.75,1828.349976,1873,
24-01-2022,w,1822,1696.550049,1715.800049,1827.449951,
25-01-2022,w,1668,1668,1741.400024,1750.550049,
27-01-2022,w,1718,1654.5,1686,1725.550049,
28-01-2022,w,1702.5,1683.949951,1693.699951,1744.099976,
31-01-2022,w,1708.949951,1705,1714.949951,1734,
01-02-2022,w,1727.949951,1699.150024,1746.900024,1765.099976,
02-02-2022,w,1755,1747,1779.349976,1786,
03-02-2022,w,1771.949951,1746.400024,1751.849976,1787,
04-02-2022,w,1758,1733.699951,1757.300049,1770,
07-02-2022,w,1765,1722.099976,1731.800049,1765.5,
08-02-2022,w,1739.400024,1677.050049,1716,1747,
09-02-2022,w,1724.599976,1718.099976,1783.150024,1791.900024,
10-02-2022,w,1799,1766,1786.099976,1809,
11-02-2022,w,1764,1743.349976,1764.300049,1774.900024,
14-02-2022,w,1736.300049,1653,1663.949951,1737.900024,
15-02-2022,w,1636,1627.849976,1744.25,1751.400024,
16-02-2022,w,1744.25,1730,1738.099976,1776,
17-02-2022,w,1750,1724,1730.949951,1762,
18-02-2022,w,1739,1725,1736.300049,1754.599976,
21-02-2022,w,1738.800049,1671.300049,1685.199951,1738.800049,
22-02-2022,w,1636.099976,1630,1667.699951,1678.900024,
23-02-2022,w,1682,1670,1688.699951,1717.5,
24-02-2022,w,1626,1528.800049,1543.949951,1648.599976,
25-02-2022,w,1594,1578.800049,1618.699951,1638.099976,
28-02-2022,w,1603.75,1592.25,1644.449951,1651.099976,
02-03-2022,w,1638,1615.5,1641.800049,1664.25,
03-03-2022,w,1670,1634.949951,1643.800049,1678.199951,
04-03-2022,w,1621.800049,1601.199951,1615,1655.5,
07-03-2022,w,1590,1539.300049,1564.050049,1592,
08-03-2022,w,1574.900024,1553.400024,1601.599976,1607.400024,
09-03-2022,w,1609.599976,1608,1656.550049,1669.949951,
10-03-2022,w,1682,1678.25,1742.849976,1749.599976,
11-03-2022,w,1750,1721.199951,1734.099976,1757,
14-03-2022,w,1732,1722.449951,1736.099976,1752.449951,
15-03-2022,w,1740,1686.650024,1701.400024,1754.199951,
16-03-2022,w,1724,1718.650024,1758,1764,
17-03-2022,w,1775.599976,1760,1819.650024,1823.599976,
21-03-2022,w,1836.050049,1796.150024,1802.949951,1841.900024,
22-03-2022,w,1802.949951,1790,1831.550049,1837,
23-03-2022,w,1848.050049,1800.849976,1811,1848.050049,
24-03-2022,w,1815,1800.150024,1832.800049,1839.550049,
25-03-2022,w,1835.550049,1822,1867,1878,
28-03-2022,w,1876.900024,1851.050049,1909.699951,1924.400024,
29-03-2022,w,1919.25,1885.5,1917.25,1930.900024,
30-03-2022,w,1927.699951,1917.300049,1995.25,2015,
31-03-2022,w,2005,1991,2014.75,2042,
01-04-2022,w,2018,2013.050049,2043.650024,2049,
04-04-2022,w,2050,2032,2065.850098,2075.5,
05-04-2022,w,2078,2067.600098,2139.850098,2189.800049,
06-04-2022,w,2153.75,2124.199951,2160,2182.850098,
07-04-2022,w,2165.949951,2081.25,2099.050049,2214.949951,
08-04-2022,w,2115,2105.25,2170.949951,2176,
11-04-2022,w,2181.850098,2158.5,2180.199951,2200,
12-04-2022,w,2188,2155,2196.949951,2219,
13-04-2022,w,2210,2173.449951,2199.449951,2217.149902,
18-04-2022,w,2179.800049,2156.75,2233.850098,2240,
19-04-2022,w,2245,2140.100098,2168.300049,2255,
20-04-2022,w,2178,2161.899902,2183.949951,2207.949951,
21-04-2022,w,2216,2203.899902,2286.350098,2293.550049,
22-04-2022,w,2297,2265,2273.300049,2306,
25-04-2022,w,2259.949951,2242.600098,2284.199951,2295,
26-04-2022,w,2297,2295.100098,2395.300049,2413.899902,
27-04-2022,w,2404.949951,2325,2334.100098,2420.949951,
28-04-2022,w,2359.850098,2336.300049,2378.550049,2389.899902,
29-04-2022,w,2389,2301.5,2332,2394.149902,
02-05-2022,w,2325,2311,2339.5,2362.300049,
04-05-2022,w,2358.699951,2233.050049,2253.800049,2362.899902,
05-05-2022,w,2270,2236,2255.399902,2303.800049,
06-05-2022,w,2210,2200,2247.699951,2262,
09-05-2022,w,2229.5,2180,2197.649902,2244.199951,
10-05-2022,w,2190,2097.5,2109.5,2220,
11-05-2022,w,2109.600098,2077,2119.300049,2157.75,
12-05-2022,w,2103,2011.050049,2045.199951,2113.600098,
13-05-2022,w,2084.5,2035.300049,2054.149902,2135,
16-05-2022,w,2082.649902,2057.649902,2105.899902,2141.949951,
17-05-2022,w,2133.050049,2119.399902,2184.850098,2192.25,
18-05-2022,w,2199.699951,2172,2181.100098,2216.899902,
19-05-2022,w,2145,2097.600098,2114.75,2154.75,
20-05-2022,w,2159,2151,2219.550049,2232.399902,
23-05-2022,w,2231.75,2155.649902,2170.649902,2245,
24-05-2022,w,2161,2142.550049,2160.199951,2178.899902,
25-05-2022,w,2168,2066.199951,2074.149902,2181.449951,
26-05-2022,w,2077,1906.199951,2046.400024,2088,
27-05-2022,w,2080,2047.699951,2080.149902,2094.300049,
30-05-2022,w,2120,2102,2165.649902,2175,
31-05-2022,w,2160,2150.399902,2167.550049,2225.800049,
01-06-2022,w,2169.949951,2126,2150.899902,2189.300049,
02-06-2022,w,2155,2142.300049,2209.399902,2218,
03-06-2022,w,2235,2176.050049,2190,2242.25,
06-06-2022,w,2188.5,2168.199951,2225.050049,2230,
07-06-2022,w,2210,2207.050049,2227.550049,2254.699951,
08-06-2022,w,2244.949951,2158.550049,2177.199951,2244.949951,
09-06-2022,w,2160.300049,2155,2219.199951,2224,
10-06-2022,w,2190,2171,2203.100098,2215,
13-06-2022,w,2172.5,2066.75,2079.75,2172.5,
14-06-2022,w,2274,2053.100098,2196.449951,2274,
15-06-2022,w,2218.399902,2174.199951,2184.600098,2219.699951,
16-06-2022,w,2205,2076.050049,2083,2217.300049,
17-06-2022,w,2062,2060.149902,2095.800049,2137.399902,
20-06-2022,w,2107.300049,2025,2079.850098,2123.300049,
21-06-2022,w,2100,2091.649902,2161.800049,2177,
22-06-2022,w,2149.949951,2077.100098,2089.199951,2149.949951,
23-06-2022,w,2105,2080,2110.350098,2128,
24-06-2022,w,2121,2108.600098,2161.449951,2168,
27-06-2022,w,2189,2169.350098,2181.600098,2211,
28-06-2022,w,2170,2160,2204.600098,2210.25,
29-06-2022,w,2185,2177.199951,2220.100098,2247.800049,
30-06-2022,w,2220,2180.5,2190.899902,2248.5,
01-07-2022,w,2189.899902,2138.25,2232.199951,2242,
04-07-2022,w,2232.199951,2228.350098,2261.850098,2277,
05-07-2022,w,2264,2238,2246.449951,2290.699951,
06-07-2022,w,2245,2236.5,2272.850098,2277,
07-07-2022,w,2280,2256,2274.300049,2294.949951,
08-07-2022,w,2286,2263.899902,2293.050049,2303.600098,
11-07-2022,w,2293.050049,2291.050049,2373.25,2384.600098,
12-07-2022,w,2364.399902,2350.149902,2365.649902,2389.800049,
13-07-2022,w,2373.5,2333.699951,2353.5,2384.649902,
14-07-2022,w,2365,2336.5,2383.100098,2404,
15-07-2022,w,2414.5,2377,2405.25,2422.949951,
18-07-2022,w,2424,2406.050049,2423.600098,2441.850098,
19-07-2022,w,2406.949951,2405,2451.300049,2459.300049,
20-07-2022,w,2462,2444,2451.100098,2472.800049,
21-07-2022,w,2453.800049,2451.25,2495.5,2498.949951,
22-07-2022,w,2505.5,2483.100098,2499.399902,2514.050049,
25-07-2022,w,2505,2500,2550.600098,2562.149902,
26-07-2022,w,2555,2533,2559.699951,2568.600098,
27-07-2022,w,2560,2528,2548.699951,2572.5,
28-07-2022,w,2559.899902,2531.600098,2550.399902,2565.649902,
29-07-2022,w,2565,2560,2569.199951,2622,
01-08-2022,w,2575.850098,2569.199951,2660.149902,2669.399902,
02-08-2022,w,2660,2640,2683.649902,2697,
03-08-2022,w,2685,2671.199951,2711.399902,2717,
04-08-2022,w,2725,2684.25,2723.600098,2743.899902,
05-08-2022,w,2760,2685,2698.399902,2767.649902,
08-08-2022,w,2700,2695.649902,2791.899902,2807.649902,
10-08-2022,w,2801.75,2781.550049,2827.199951,2834.899902,
11-08-2022,w,2841,2815.100098,2834.050049,2848.399902,
12-08-2022,w,2840,2834.050049,2864.550049,2871.149902,
16-08-2022,w,2879,2871,2975.850098,2986,
17-08-2022,w,2986,2980,3008.649902,3028.550049,
18-08-2022,w,3005,3004,3153.649902,3186,
19-08-2022,w,3178,3075.25,3130.199951,3258.899902,
22-08-2022,w,3134,3029.199951,3051.600098,3191.800049,
23-08-2022,w,3032.649902,2927.399902,3030.649902,3074,
24-08-2022,w,3038,2986,3134.649902,3153,
25-08-2022,w,3167,3055.699951,3066.350098,3177.800049,
26-08-2022,w,3080,3078,3139.550049,3172.949951,
29-08-2022,w,3055,3037.850098,3142.600098,3166.449951,
30-08-2022,w,3165,3161,3194.350098,3263.100098,
01-09-2022,w,3200,3184.399902,3233.25,3245,
02-09-2022,w,3261,3225,3355.800049,3369.399902,
05-09-2022,w,3374.100098,3313,3346.550049,3431.800049,
06-09-2022,w,3370,3355,3435.800049,3447.600098,
07-09-2022,w,3435.800049,3406.100098,3473.75,3487.949951,
08-09-2022,w,3499,3450,3462.800049,3501.5,
09-09-2022,w,3479,3415.149902,3451.199951,3507.949951,
12-09-2022,w,3465,3457.899902,3463.800049,3495.5,
13-09-2022,w,3478,3421.300049,3555.800049,3568.899902,
14-09-2022,w,3518,3511,3572.100098,3608,
15-09-2022,w,3590,3575,3748.699951,3767.949951,
16-09-2022,w,3755,3614.600098,3702.199951,3866.949951,
19-09-2022,w,3718.949951,3680.75,3778.649902,3801.949951,
20-09-2022,w,3819,3812,3834.550049,3885,
21-09-2022,w,3837.649902,3571.25,3640.100098,3862.800049,
22-09-2022,w,3639,3608.050049,3716.300049,3735.949951,
23-09-2022,w,3732,3655,3674.300049,3737.899902,
26-09-2022,w,3646.300049,3532,3586.199951,3658,
27-09-2022,w,3596,3485.850098,3559.100098,3629.550049,
28-09-2022,w,3528,3503,3548.75,3596.949951,
29-09-2022,w,3583.5,3443.600098,3470.699951,3664.75,
30-09-2022,w,3447.949951,3371.100098,3455.75,3523.800049,
03-10-2022,w,3440,3110.199951,3157.300049,3460.050049,
04-10-2022,w,3230,3125,3237.699951,3291.199951,
06-10-2022,w,3270,3208.050049,3285,3318.800049,
07-10-2022,w,3280,3228.149902,3277.600098,3310.949951,
10-10-2022,w,3234,3214.350098,3246.25,3278.75,
11-10-2022,w,3257.550049,3249,3273.949951,3338,
12-10-2022,w,3297,3145,3223.649902,3297,
13-10-2022,w,3218,3189,3233.649902,3262.800049,
14-10-2022,w,3272,3194.850098,3209.5,3305,
17-10-2022,w,3211,3136.100098,3212.600098,3235,
18-10-2022,w,3249,3226.100098,3284.300049,3298,
19-10-2022,w,3300,3259.649902,3277.25,3310,
20-10-2022,w,3260,3245,3357.100098,3365,
21-10-2022,w,3374.899902,3287,3311.899902,3382,
24-10-2022,w,3325,3287.399902,3309.800049,3340.100098,
25-10-2022,w,3321.949951,3294,3300.5,3345,
27-10-2022,w,3319.850098,3297,3325,3355,
28-10-2022,w,3322,3297.649902,3323.300049,3387.949951,
31-10-2022,w,3339.949951,3326.100098,3347.449951,3360,
01-11-2022,w,3361.899902,3352,3575.699951,3607.449951,
02-11-2022,w,3580,3526,3580.699951,3625.149902,
03-11-2022,w,3550,3542.449951,3590.399902,3614.699951,
04-11-2022,w,3642,3566.75,3833.25,3849.800049,
07-11-2022,w,3852.449951,3820,3960.600098,4013.699951,
09-11-2022,w,3977,3943.050049,3997.199951,4048,
10-11-2022,w,3995,3962.149902,3992.25,4030,
11-11-2022,w,4040,3975.149902,4008.850098,4048.949951,
14-11-2022,w,3999,3990,4022.550049,4078,
15-11-2022,w,4025.050049,4022,4057.800049,4065,
16-11-2022,w,4057.300049,3863.550049,3956.600098,4096,
17-11-2022,w,3970,3900,4018.149902,4033,
18-11-2022,w,4028.350098,3984,4019.800049,4043,
21-11-2022,w,4019.949951,3921.949951,4001.850098,4019.949951,
22-11-2022,w,4001.850098,3988,4034,4056,
23-11-2022,w,4050,3873,3903.300049,4061.850098,
24-11-2022,w,3910,3821,3921.100098,3935,
25-11-2022,w,3929,3845.300049,3901.100098,3949.899902,
28-11-2022,w,3899.399902,3871.399902,3886.149902,3925,
29-11-2022,w,3885,3864.050049,3878.399902,3915,
30-11-2022,w,3897.800049,3867,3917.899902,3939.899902,
01-12-2022,w,3937.5,3902.449951,3915.100098,3944.949951,
02-12-2022,w,3905,3885,3922.5,3963.800049,
05-12-2022,w,3928.899902,3810.050049,3930.399902,3939,
06-12-2022,w,3920,3909,4031.800049,4057,
07-12-2022,w,4031,3984.550049,3999.300049,4057.899902,
08-12-2022,w,4010,4003.350098,4025,4045,
09-12-2022,w,4044,3941.5,3996.800049,4094,
12-12-2022,w,3997,3968.75,4016.699951,4031.899902,
13-12-2022,w,4027.800049,4011.600098,4060.199951,4072,
14-12-2022,w,4076,4040,4055.800049,4092.050049,
15-12-2022,w,4055.800049,4025,4043.75,4073.050049,
16-12-2022,w,4018.899902,3944.050049,3980.800049,4047.899902,
19-12-2022,w,3988,3971.449951,4075.300049,4104,
20-12-2022,w,4095,4066.399902,4165.299805,4172,
21-12-2022,w,4175,3883.25,3901.949951,4190,
22-12-2022,w,3948,3817.050049,3868.550049,3948,
23-12-2022,w,3822,3616.800049,3642.199951,3848,
26-12-2022,w,3653,3620,3716.75,3744.899902,
27-12-2022,w,3732.449951,3695.050049,3769.649902,3797.899902,
28-12-2022,w,3756.050049,3745,3797.699951,3825,
29-12-2022,w,3790,3748.100098,3810.600098,3825,
30-12-2022,w,3829.699951,3822.050049,3858.350098,3898,
02-01-2023,w,3870,3822.550049,3841.199951,3874,
03-01-2023,w,3841.899902,3791,3830.949951,3852.850098,
04-01-2023,w,3839,3803.600098,3827.050049,3874.949951,
05-01-2023,w,3827.050049,3756.899902,3829.800049,3842.399902,
06-01-2023,w,3829,3797.050049,3824.25,3868.25,
09-01-2023,w,3843,3811.25,3855.300049,3880,
10-01-2023,w,3859,3555,3646.899902,3862.050049,
11-01-2023,w,3660,3560.100098,3635.800049,3664.5,
12-01-2023,w,3642.5,3612,3647.199951,3679,
13-01-2023,w,3651.199951,3642.199951,3721.149902,3736.050049,
16-01-2023,w,3720,3600,3619.800049,3739.949951,
17-01-2023,w,3620,3560.199951,3639.350098,3649.600098,
18-01-2023,w,3648,3527.100098,3596.699951,3648,
19-01-2023,w,3470,3426.699951,3463.550049,3537.699951,
20-01-2023,w,3450,3440.949951,3456.149902,3477.350098,
23-01-2023,w,3443.050049,3412.550049,3436.350098,3460,
24-01-2023,w,3447.449951,3430,3442,3508,
25-01-2023,w,3422,3315,3388.949951,3428,
27-01-2023,w,3335,2712,2761.449951,3346.5,
30-01-2023,w,2850,2665,2892.850098,3037.550049,
